{"type":"FeatureCollection","features":[{"type":"Feature","properties":{"name":"Missouri","scalerank":1,"na":1,"zb":"b3","len":11.55},"geometry":{"type":"LineString","coordinates":[[-99.82099,44.67485],[-99.60421,45.18198],[-99.63975,45.71096],[-99.78673,46.22626],[-99.99288,46.72729],[-100.20162,47.22314],[-100.57304,47.66528],[-101.16095,47.9744],[-101.83507,48.1693],[-102.43893,48.46911],[-103.16522,48.58895],[-103.91887,48.56791],[-104.67103,48.61161],[-105.42611,48.58647],[-106.1793,48.54162],[-106.89705,48.39519],[-107.50988,48.11143],[-108.22904,48.15668]]}},{"type":"Feature","properties":{"name":"Nile","scalerank":1,"na":0,"zb":"b3","len":8.79},"geometry":{"type":"LineString","coordinates":[[33.2319,15.48167],[33.71695,16.04308],[34.28053,16.5919],[34.59672,17.29856],[34.67968,18.06014],[34.44679,18.7877],[34.13217,19.48871],[33.60827,20.04762],[32.82648,20.10805],[32.14814,19.70576],[31.56672,19.17742],[31.19693,19.31504]]}},{"type":"Feature","properties":{"name":"Lena","scalerank":1,"na":0,"zb":"b3","len":8.78},"geometry":{"type":"LineString","coordinates":[[105.98575,57.39193],[106.63202,57.63659],[107.31766,57.84393],[107.88346,58.13664],[108.43422,58.43502],[109.01832,58.71269],[109.68252,58.93323],[110.42788,59.0643],[111.04984,59.31372],[111.63198,59.58588],[112.218,59.85371],[112.80779,60.11732]]}},{"type":"Feature","properties":{"name":"Kagera","scalerank":1,"na":0,"zb":"b3","len":4.32},"geometry":{"type":"LineString","coordinates":[[29.18685,-3.62372],[29.99312,-3.95194],[30.80674,-3.67289],[31.25602,-2.92766],[31.59196,-2.12079],[32.16406,-1.58229]]}},{"type":"Feature","properties":{"name":"Madison","scalerank":1,"na":1,"zb":"b3","len":2.94},"geometry":{"type":"LineString","coordinates":[[-112.21736,46.16089],[-112.38758,45.5263],[-112.31739,44.87966],[-111.73731,44.39114],[-110.86109,44.19178]]}},{"type":"Feature","properties":{"name":"Tuotuo He","scalerank":1,"na":0,"zb":"b3","len":2.22},"geometry":{"type":"LineString","coordinates":[[90.77021,34.9244],[91.53412,34.88747],[92.29032,34.78137],[93.05448,34.72406]]}},{"type":"Feature","properties":{"name":"Tongtian","scalerank":1,"na":0,"zb":"b3","len":7.19},"geometry":{"type":"LineString","coordinates":[[92.76448,34.69721],[93.47696,34.89877],[94.14728,35.18031],[94.88614,35.26531],[95.58513,35.04737],[96.16578,34.65523],[96.70829,34.22457],[97.31952,33.85905],[97.84709,33.41181],[98.3857,32.97634],[98.90297,32.52166],[99.23553,31.95002]]}},{"type":"Feature","properties":{"name":"Rosetta Branch","scalerank":1,"na":0,"zb":"b3","len":1.83},"geometry":{"type":"LineString","coordinates":[[30.91169,29.52641],[30.16029,30.2036],[29.77255,31.08711]]}},{"type":"Feature","properties":{"name":"Damietta Branch","scalerank":1,"na":0,"zb":"b3","len":1.79},"geometry":{"type":"LineString","coordinates":[[31.26239,31.94533],[30.79005,31.44618],[30.49704,30.85541],[30.4079,30.21146]]}},{"type":"Feature","properties":{"name":"Bykovskaya Protoka","scalerank":1,"na":0,"zb":"b3","len":1.11},"geometry":{"type":"LineString","coordinates":[[127.99441,72.19754],[126.95801,72.07733]]}},{"type":"Feature","properties":{"name":"Olenekskaya Protoka","scalerank":1,"na":0,"zb":"b3","len":4.44},"geometry":{"type":"LineString","coordinates":[[127.09302,72.48876],[126.44695,72.60394],[125.77977,72.70733],[125.1081,72.80755],[124.43633,72.90716],[123.76448,73.00616],[123.09261,73.1046]]}},{"type":"Feature","properties":{"name":"Amazon","scalerank":1,"na":0,"zb":"b3","len":10.15},"geometry":{"type":"LineString","coordinates":[[-70.15201,-3.62583],[-69.697,-3.01648],[-69.00148,-2.69656],[-68.32049,-2.38562],[-67.66817,-1.98453],[-66.91851,-1.8465],[-66.16908,-1.74177],[-65.41028,-1.87961],[-64.74573,-2.25753],[-64.15679,-2.75488],[-63.49268,-3.14447],[-62.75213,-3.07916],[-61.98944,-3.08156],[-61.26613,-2.84887],[-60.55807,-2.55286]]}},{"type":"Feature","properties":{"name":"White Nile","scalerank":1,"na":0,"zb":"b3","len":13.17},"geometry":{"type":"LineString","coordinates":[[33.24526,15.56518],[33.11269,14.83223],[33.13267,14.14708],[33.43569,13.45779],[33.53422,12.71389],[33.49623,11.96012],[33.40401,11.20925],[33.101,10.5162],[32.85495,9.81914],[32.40146,9.20718],[31.78627,8.75285],[31.02989,8.69466],[31.20367,7.9832],[31.65596,7.36709],[32.08246,6.72845],[32.39899,6.02962],[32.48455,5.27036],[32.3179,4.52043]]}},{"type":"Feature","properties":{"name":"Yangtze","scalerank":1,"na":0,"zb":"b3","len":10.95},"geometry":{"type":"LineString","coordinates":[[103.72721,29.32264],[104.51406,29.41547],[105.29127,29.50772],[105.91258,29.88697],[106.58633,30.24227],[107.28959,30.52919],[107.7577,31.07855],[108.37422,31.48939],[109.15073,31.62422],[109.94081,31.68705],[110.72675,31.59473],[111.47778,31.38108],[112.10886,31.00761],[112.77781,30.66384],[113.30802,30.19184]]}},{"type":"Feature","properties":{"name":"Mississippi","scalerank":1,"na":1,"zb":"b3","len":13.92},"geometry":{"type":"LineString","coordinates":[[-90.86378,38.44388],[-91.44225,38.84111],[-91.88186,39.3362],[-92.16044,39.89086],[-92.13381,40.4785],[-91.85887,41.02648],[-91.66204,41.58289],[-91.10155,41.96843],[-91.53422,42.41848],[-91.84913,42.93802],[-92.03473,43.48665],[-92.48758,43.91242],[-93.10708,44.24746],[-93.67754,44.62213],[-94.30076,44.94774],[-94.80949,45.35701],[-95.10375,45.85477],[-95.04729,46.38401],[-94.64509,46.83446],[-94.02565,47.14932]]}},{"type":"Feature","properties":{"name":"Ucayali","scalerank":1,"na":0,"zb":"b3","len":11.01},"geometry":{"type":"LineString","coordinates":[[-72.3959,-15.12801],[-72.3668,-14.46097],[-73.0528,-14.17887],[-73.74178,-13.91967],[-74.22815,-13.37323],[-74.56496,-12.72481],[-74.77753,-12.02551],[-74.86339,-11.30161],[-74.7095,-10.62834],[-74.88244,-9.93287],[-75.1823,-9.26432],[-75.25591,-8.55515],[-75.68125,-7.96022],[-75.84811,-7.23933],[-75.91578,-6.50106]]}},{"type":"Feature","properties":{"name":"Jinsha","scalerank":1,"na":0,"zb":"b3","len":10.19},"geometry":{"type":"LineString","coordinates":[[98.20568,30.26271],[98.29221,29.60956],[98.37584,28.95184],[98.49264,28.29439],[98.74756,27.66639],[99.007,27.0348],[99.47862,26.5159],[99.8777,26.0151],[100.4556,25.59933],[101.20324,25.61967],[101.84764,25.43697],[102.57883,25.53132],[103.22857,25.88278],[103.68901,26.40314],[103.71543,27.07474]]}},{"type":"Feature","properties":{"name":"Ob","scalerank":2,"na":0,"zb":"b3","len":7.4},"geometry":{"type":"LineString","coordinates":[[78.70084,60.68835],[78.07139,60.92015],[77.39396,61.11589],[76.67908,61.27672],[75.93908,61.40758],[75.17123,61.4933],[74.38961,61.54477],[73.60372,61.57866],[72.81663,61.60559],[72.02853,61.62473],[71.24033,61.64296]]}},{"type":"Feature","properties":{"name":"Irtysh","scalerank":2,"na":0,"zb":"b3","len":10.03},"geometry":{"type":"LineString","coordinates":[[82.67232,49.36292],[82.03547,49.65823],[81.30427,49.8331],[80.53038,49.90253],[79.7658,50.0082],[79.02109,50.16386],[78.33473,50.40319],[77.73407,50.72163],[77.21964,51.09355],[76.76462,51.49227],[76.3556,51.90619],[76.04639,52.34738],[75.50727,52.68405],[74.96984,53.02749]]}},{"type":"Feature","properties":{"name":"Mackenzie","scalerank":2,"na":1,"zb":"b3","len":12.6},"geometry":{"type":"LineString","coordinates":[[-119.9582,61.0064],[-120.62035,61.17625],[-121.22978,61.38691],[-121.82226,61.60725],[-122.52099,61.73612],[-123.18727,61.89687],[-123.67615,62.16096],[-123.92666,62.4878],[-124.05666,62.82749],[-124.27058,63.15379],[-124.59147,63.45871],[-124.92703,63.75742],[-125.24517,64.05669],[-125.54558,64.35625],[-125.95053,64.61274],[-126.58667,64.78299],[-127.19223,64.97164],[-127.80243,65.15633]]}},{"type":"Feature","properties":{"name":"Congo","scalerank":2,"na":0,"zb":"b3","len":9.48},"geometry":{"type":"LineString","coordinates":[[24.68795,1.42882],[24.07288,1.86181],[23.51645,2.36974],[22.86925,2.7517],[22.13936,2.91263],[21.38973,2.84918],[20.64678,2.72305],[19.90213,2.60638],[19.17941,2.3963],[18.52758,2.02168],[17.98445,1.50225],[17.62607,0.84324],[17.32239,0.16199],[16.77903,-0.35791],[16.23652,-0.87962]]}},{"type":"Feature","properties":{"name":"Peace","scalerank":2,"na":1,"zb":"b3","len":9.63},"geometry":{"type":"LineString","coordinates":[[-118.25513,56.43899],[-118.01993,56.82045],[-117.94749,57.25049],[-117.84729,57.67375],[-117.74806,58.08973],[-117.29888,58.43001],[-116.65601,58.67141],[-115.90589,58.79999],[-115.11464,58.81123],[-114.39648,58.98408],[-113.72785,59.19317],[-113.04979,59.40017],[-112.2677,59.45702],[-111.48071,59.40431]]}},{"type":"Feature","properties":{"name":"Angara","scalerank":2,"na":0,"zb":"b3","len":10.18},"geometry":{"type":"LineString","coordinates":[[101.0236,56.49616],[101.11174,56.06697],[101.58801,55.73953],[102.31493,55.64279],[102.47271,55.21162],[102.44522,54.76603],[102.37691,54.31647],[102.45769,53.86335],[102.61365,53.41203],[102.77303,52.9582],[103.14106,52.5435],[103.58403,52.15245],[104.04662,51.76642],[104.62653,51.45472],[105.39032,51.43201],[106.10879,51.61006]]}},{"type":"Feature","properties":{"name":"Danube","scalerank":2,"na":0,"zb":"b3","len":10.17},"geometry":{"type":"LineString","coordinates":[[17.98385,48.30901],[17.30703,48.58081],[16.58419,48.79378],[15.81199,48.8979],[15.0507,48.77981],[14.32017,48.86735],[13.61559,49.10507],[12.91549,49.34715],[12.15607,49.47718],[11.41979,49.32008],[10.67585,49.15873],[9.95826,48.94063],[9.28124,48.66973],[8.54626,48.48284]]}},{"type":"Feature","properties":{"name":"Paran\u00e1 River","scalerank":2,"na":0,"zb":"b3","len":10.12},"geometry":{"type":"LineString","coordinates":[[-56.58135,-26.81382],[-57.32931,-26.72393],[-57.1743,-26.22164],[-56.86521,-25.60767],[-56.46023,-25.03833],[-56.35478,-24.36288],[-56.53081,-23.6938],[-56.84202,-23.06279],[-57.08111,-22.42128],[-57.15705,-21.73311],[-57.1387,-21.03143],[-57.26924,-20.33806]]}},{"type":"Feature","properties":{"name":"Irrawaddy","scalerank":2,"na":0,"zb":"b3","len":9.95},"geometry":{"type":"LineString","coordinates":[[96.8331,25.99264],[96.51555,25.35155],[96.11753,24.8351],[95.62288,24.30361],[95.33175,23.64722],[95.21399,22.94018],[94.97871,22.32484],[94.48268,21.77684],[94.05146,21.18664],[94.09207,20.468],[94.32259,19.76902],[94.3666,19.04526],[94.43337,18.31495],[94.72221,17.63707]]}},{"type":"Feature","properties":{"name":"Derung-Nmai","scalerank":2,"na":0,"zb":"b3","len":3.72},"geometry":{"type":"LineString","coordinates":[[98.50648,28.9069],[98.93026,28.32262],[98.98776,27.62469],[99.07878,26.93584],[98.9895,26.2264],[98.72889,25.5468],[98.15888,25.05763],[97.37273,25.0284]]}},{"type":"Feature","properties":{"name":"Saint Lawrence","scalerank":2,"na":1,"zb":"b3","len":1.32},"geometry":{"type":"LineString","coordinates":[[-76.30636,44.89346],[-75.68076,45.27227],[-74.93617,45.51335]]}},{"type":"Feature","properties":{"name":"Ider","scalerank":2,"na":0,"zb":"b3","len":4.46},"geometry":{"type":"LineString","coordinates":[[97.79588,47.50916],[97.07137,47.78881],[96.75727,48.30618],[97.03452,48.82384],[97.72945,49.13221],[98.56855,49.18962],[99.39547,49.27278],[100.10456,49.5692]]}},{"type":"Feature","properties":{"name":"Selenga","scalerank":2,"na":0,"zb":"b3","len":10.04},"geometry":{"type":"LineString","coordinates":[[100.96632,48.79748],[101.67333,48.91804],[102.41742,48.87054],[103.16467,48.87113],[103.90534,48.93482],[104.61915,49.0778],[105.29302,49.28913],[105.93654,49.5367],[106.52375,49.83412],[106.88164,50.25168],[107.07812,50.70854],[107.59266,51.05002],[108.0286,51.42918],[108.20507,51.87512],[107.98439,52.30831],[107.38792,52.5676]]}},{"type":"Feature","properties":{"name":"Damqogkanbab","scalerank":2,"na":0,"zb":"b3","len":5.63},"geometry":{"type":"LineString","coordinates":[[82.52545,31.05464],[83.26506,30.83442],[83.95029,30.50005],[84.62844,30.15405],[85.32457,29.92254],[86.10726,29.85503],[86.89467,29.83147],[87.68223,29.81158]]}},{"type":"Feature","properties":{"name":"Za","scalerank":2,"na":0,"zb":"b3","len":3.29},"geometry":{"type":"LineString","coordinates":[[94.05579,33.78824],[94.83274,33.78429],[95.54085,33.52241],[96.21989,33.20513],[96.88753,32.87538],[97.46159,32.43265]]}},{"type":"Feature","properties":{"name":"Lualaba","scalerank":2,"na":0,"zb":"b3","len":7.6},"geometry":{"type":"LineString","coordinates":[[24.56302,1.4902],[25.30139,1.20686],[25.96462,0.79222],[26.26956,0.07632],[26.35853,-0.67989],[26.55806,-1.43599],[26.55932,-2.22635],[26.64896,-3.00939],[26.85418,-3.74956],[27.41974,-4.29799],[27.7174,-5.01859],[27.66541,-5.79736]]}},{"type":"Feature","properties":{"name":"Slave","scalerank":2,"na":1,"zb":"b3","len":5.35},"geometry":{"type":"LineString","coordinates":[[-110.65568,59.04241],[-110.73436,59.45252],[-110.87558,59.85275],[-111.2692,60.19919],[-111.78729,60.50351],[-112.22647,60.83441],[-112.50121,61.19712],[-112.91826,61.51537],[-113.68493,61.60839]]}},{"type":"Feature","properties":{"name":"Congo","scalerank":2,"na":0,"zb":"b3","len":2.93},"geometry":{"type":"LineString","coordinates":[[27.68839,-5.64269],[27.73701,-6.53764],[27.70477,-7.42946],[27.54783,-8.29392],[26.87916,-8.88454]]}},{"type":"Feature","properties":{"name":"Yarlung","scalerank":2,"na":0,"zb":"b3","len":6.84},"geometry":{"type":"LineString","coordinates":[[87.11919,29.61485],[87.79331,29.98589],[88.60021,30.01561],[89.41046,29.99971],[90.22075,29.98554],[91.03085,29.96522],[91.84012,29.92751],[92.64442,29.84455],[93.42268,29.80605],[94.21376,29.95718]]}},{"type":"Feature","properties":{"name":"Brahmaputra","scalerank":2,"na":0,"zb":"b3","len":12.3},"geometry":{"type":"LineString","coordinates":[[93.88257,29.82504],[94.49951,30.23193],[95.23675,30.39338],[95.87968,30.05486],[96.05572,29.41162],[95.76147,28.79345],[96.0003,28.16473],[95.85537,27.50557],[95.39016,26.95538],[94.81888,26.48811],[94.13463,26.16501],[93.37719,26.02458],[92.62814,25.84434],[91.91912,25.56191],[91.15179,25.50115],[90.48161,25.32092],[90.44599,24.63193],[90.70759,24.02466]]}},{"type":"Feature","properties":{"name":"Chilia branch","scalerank":2,"na":0,"zb":"b3","len":1.06},"geometry":{"type":"LineString","coordinates":[[30.16179,45.68509],[29.36283,45.89951],[28.52989,45.7279],[28.07115,45.23725],[28.48053,44.72498]]}},{"type":"Feature","properties":{"name":"Sf\u00e2ntu Gheorghe branch","scalerank":2,"na":0,"zb":"b3","len":0.82},"geometry":{"type":"LineString","coordinates":[[29.38708,44.39875],[28.48582,44.72265]]}},{"type":"Feature","properties":{"name":"Sulina branch","scalerank":2,"na":0,"zb":"b3","len":0.8},"geometry":{"type":"LineString","coordinates":[[29.64053,44.61478],[28.84463,44.64325]]}},{"type":"Feature","properties":{"name":"Borcea","scalerank":2,"na":0,"zb":"b3","len":1.14},"geometry":{"type":"LineString","coordinates":[[28.62723,44.82243],[28.45242,44.15719],[27.71497,43.69702]]}},{"type":"Feature","properties":{"name":"Mekong","scalerank":2,"na":0,"zb":"b3","len":10.23},"geometry":{"type":"LineString","coordinates":[[102.47179,18.6137],[103.10208,18.99905],[103.83799,19.07677],[104.49408,18.74751],[105.00316,18.22423],[105.39923,17.61852],[105.53657,16.9197],[105.96328,16.36011],[106.3197,15.73696],[106.61195,15.08435],[106.64405,14.36135],[106.73164,13.64208],[106.72403,12.91074],[106.65324,12.18353],[106.18515,11.63445],[105.89429,11.13029]]}},{"type":"Feature","properties":{"name":"Yukon","scalerank":3,"na":1,"zb":"b3","len":9.46},"geometry":{"type":"LineString","coordinates":[[-160.67039,62.953],[-160.44712,63.29305],[-160.14686,63.61721],[-159.81646,63.93199],[-159.47727,64.24146],[-159.12738,64.54527],[-158.76031,64.84195],[-158.30128,65.10768],[-157.54823,65.14293],[-156.80644,65.03553],[-156.03124,65.06257],[-155.2796,65.15772],[-154.54147,65.26999],[-153.80347,65.38195]]}},{"type":"Feature","properties":{"name":"Amur","scalerank":3,"na":0,"zb":"b3","len":8.8},"geometry":{"type":"LineString","coordinates":[[128.29474,50.15516],[128.10107,50.63135],[127.79344,51.08062],[127.52456,51.53506],[127.29706,51.99379],[127.04254,52.44237],[126.71156,52.86726],[126.25003,53.23996],[125.61534,53.5003],[124.88821,53.65973],[124.18624,53.85416],[123.43486,53.95958],[122.66161,53.94502],[121.89799,53.86768]]}},{"type":"Feature","properties":{"name":"Indus","scalerank":3,"na":0,"zb":"b3","len":9.41},"geometry":{"type":"LineString","coordinates":[[67.14672,26.59328],[67.32625,27.24254],[67.6795,27.82953],[68.21346,28.29528],[68.83656,28.66727],[69.4415,29.06041],[69.94792,29.53687],[70.04105,30.18417],[70.05994,30.83302],[70.10044,31.47495],[70.30898,32.08995],[70.55707,32.69062],[70.85631,33.27039],[71.23129,33.8146]]}},{"type":"Feature","properties":{"name":"Niger","scalerank":3,"na":0,"zb":"b3","len":9.45},"geometry":{"type":"LineString","coordinates":[[-9.98286,8.97262],[-9.93643,9.71708],[-9.33331,10.08529],[-8.77555,10.58573],[-8.23113,11.10051],[-7.72915,11.65502],[-7.22435,12.20291],[-6.57742,12.58416],[-5.87203,12.85326],[-5.20086,13.19682],[-4.51821,13.51619],[-3.84781,13.84968],[-3.39325,14.43377]]}},{"type":"Feature","properties":{"name":"Kasai","scalerank":3,"na":0,"zb":"b3","len":9.47},"geometry":{"type":"LineString","coordinates":[[22.68762,-9.49308],[22.63783,-8.72841],[22.61447,-7.95826],[22.48138,-7.19955],[22.10415,-6.52881],[21.53803,-5.99743],[21.76481,-5.27301],[21.66439,-4.50844],[21.2066,-3.89258],[20.50891,-3.55176],[19.7795,-3.27969],[19.06059,-2.98015],[18.32805,-2.71578],[17.5883,-2.47185]]}},{"type":"Feature","properties":{"name":"Yellow","scalerank":3,"na":0,"zb":"b3","len":10.13},"geometry":{"type":"LineString","coordinates":[[105.60718,38.49752],[105.94049,39.03643],[106.02672,39.62091],[106.09881,40.2053],[106.4435,40.72392],[106.98664,41.13199],[107.68817,41.35293],[108.44589,41.29141],[109.18475,41.13696],[109.94887,41.07399],[110.70359,40.96654],[111.39849,40.72505],[111.90162,40.28985],[112.11684,39.72947],[111.9145,39.16578],[111.65525,38.60289],[111.45177,38.02135]]}},{"type":"Feature","properties":{"name":"Negro","scalerank":3,"na":0,"zb":"b3","len":9.48},"geometry":{"type":"LineString","coordinates":[[-67.70625,1.33203],[-67.95921,0.61648],[-67.87647,-0.13057],[-67.4146,-0.72767],[-66.7313,-1.04909],[-65.97553,-1.06379],[-65.21947,-1.13962],[-64.45824,-1.12414],[-63.71658,-1.20743],[-63.07087,-1.60993],[-62.41031,-1.9874],[-61.83979,-2.46199],[-61.39281,-3.07799],[-60.82678,-3.58072],[-60.11807,-3.85186]]}},{"type":"Feature","properties":{"name":"Argun","scalerank":3,"na":0,"zb":"b3","len":9.49},"geometry":{"type":"LineString","coordinates":[[122.7005,49.43743],[122.04517,49.18934],[121.3635,48.97182],[120.64566,48.81266],[119.8987,48.72945],[119.14156,48.73823],[118.40196,48.84414],[117.72754,49.06566],[117.33086,49.47384],[117.51086,49.93672],[118.08978,50.24734],[118.52963,50.58189],[118.81028,51.02654],[119.15693,51.44872],[119.54647,51.85223],[119.93751,52.25053]]}},{"type":"Feature","properties":{"name":"Volga","scalerank":3,"na":0,"zb":"b3","len":9.46},"geometry":{"type":"LineString","coordinates":[[48.16739,53.6476],[47.8917,54.07622],[47.87554,54.52863],[48.13298,54.95261],[48.31926,55.35018],[47.77204,55.65178],[47.0511,55.81716],[46.29714,55.81159],[45.53657,55.71583],[44.76003,55.71175],[44.02557,55.85338],[43.40558,56.11614],[42.91447,56.45164]]}},{"type":"Feature","properties":{"name":"Zambezi","scalerank":3,"na":0,"zb":"b3","len":10.93},"geometry":{"type":"LineString","coordinates":[[36.86261,-17.94408],[36.2124,-17.51428],[35.6775,-16.95889],[35.1957,-16.36282],[34.51338,-15.97551],[33.90063,-15.4925],[33.29783,-14.99664],[32.53338,-14.85975],[31.74187,-14.91795],[30.94966,-14.93647],[30.15675,-14.91654],[29.37219,-15.02085],[28.63855,-15.30998],[28.15609,-15.88666],[27.53934,-16.31542],[26.98576,-16.85924]]}},{"type":"Feature","properties":{"name":"Ganges","scalerank":3,"na":0,"zb":"b3","len":10.2},"geometry":{"type":"LineString","coordinates":[[86.37685,24.65206],[85.59514,24.77506],[84.84862,25.0252],[84.05821,24.98399],[83.3635,24.67858],[82.59701,24.52931],[81.8218,24.67677],[81.13411,25.03314],[80.50537,25.47137],[79.90277,25.93007],[79.4251,26.50134],[78.94256,27.06357],[78.28165,27.45774],[77.71689,27.94906],[77.42803,28.59847]]}},{"type":"Feature","properties":{"name":"Uele","scalerank":3,"na":0,"zb":"b3","len":8.74},"geometry":{"type":"LineString","coordinates":[[27.49986,3.08795],[26.79696,2.86892],[26.08891,2.86852],[25.34773,2.70651],[24.5923,2.76768],[23.85644,2.95791],[23.11056,3.0969],[22.37706,3.27255],[21.65211,3.47352],[20.90465,3.61138],[20.18996,3.86246],[19.564,4.27522]]}},{"type":"Feature","properties":{"name":"Orinoco","scalerank":3,"na":0,"zb":"b3","len":10.97},"geometry":{"type":"LineString","coordinates":[[-63.15463,1.67002],[-63.89657,1.46359],[-64.66138,1.56255],[-65.36814,1.87109],[-65.93994,2.36777],[-66.69754,2.47776],[-67.27627,2.97797],[-67.89893,3.38349],[-68.4494,3.90771],[-68.59603,4.66065],[-68.52433,5.42631],[-68.26785,6.15215],[-67.93184,6.84542],[-67.58919,7.53014],[-67.01627,8.0435],[-66.33885,8.41164],[-65.58999,8.59355],[-64.8403,8.59056]]}},{"type":"Feature","properties":{"name":"Columbia","scalerank":3,"na":1,"zb":"b3","len":11.8},"geometry":{"type":"LineString","coordinates":[[-115.17444,50.48714],[-115.55405,50.90863],[-116.03039,51.28705],[-116.524,51.6537],[-117.03039,52.01064],[-117.60669,52.32088],[-118.27512,52.54402],[-118.98987,52.42492],[-119.34159,52.01532],[-119.30017,51.54529],[-119.03523,51.09503],[-118.72148,50.65265],[-118.68103,50.1704],[-118.79212,49.68494],[-118.62602,49.19837],[-118.81336,48.74597],[-119.31078,48.57971]]}},{"type":"Feature","properties":{"name":"Ohio","scalerank":3,"na":1,"zb":"b3","len":8.69},"geometry":{"type":"LineString","coordinates":[[-80.17752,39.61437],[-80.62655,39.09659],[-81.25241,38.69931],[-81.7226,38.18236],[-82.42784,37.90999],[-83.18935,38.1015],[-83.98675,38.19879],[-84.71375,38.20551],[-85.31212,37.77613],[-86.00716,37.44958],[-86.794,37.30273],[-87.58679,37.27109]]}},{"type":"Feature","properties":{"name":"Euphrates","scalerank":3,"na":0,"zb":"b3","len":12.39},"geometry":{"type":"LineString","coordinates":[[47.52753,30.31782],[46.76295,30.27098],[46.01636,30.37882],[45.31592,30.64695],[44.59253,30.86358],[43.98928,31.25169],[43.72474,31.86161],[43.54776,32.49281],[42.99727,32.87073],[42.34887,33.20335],[41.81969,33.66601],[41.1464,33.84858],[40.45407,34.10318],[39.9646,34.58675],[39.48321,35.07491],[38.77375,35.25145],[38.04207,35.39943],[37.4909,35.81972],[37.40064,36.4182]]}},{"type":"Feature","properties":{"name":"Ubangi","scalerank":3,"na":0,"zb":"b3","len":4.35},"geometry":{"type":"LineString","coordinates":[[19.35356,3.72984],[19.27985,2.98612],[19.01209,2.28162],[18.78529,1.56441],[18.66104,0.82137],[18.61385,0.06851],[18.50056,-0.67743]]}},{"type":"Feature","properties":{"name":"Teslin","scalerank":3,"na":1,"zb":"b3","len":6.33},"geometry":{"type":"LineString","coordinates":[[-131.06382,59.46747],[-131.49291,59.80425],[-131.92859,60.15221],[-132.39114,60.48797],[-132.86371,60.81692],[-133.34096,61.14091],[-133.81892,61.46137],[-134.29596,61.77888]]}},{"type":"Feature","properties":{"name":"Shiquan He","scalerank":3,"na":0,"zb":"b3","len":2.78},"geometry":{"type":"LineString","coordinates":[[82.06782,31.98177],[81.81573,32.61346],[81.1837,33.01198],[80.40704,33.15164],[79.61351,33.07366]]}},{"type":"Feature","properties":{"name":"Huang","scalerank":3,"na":0,"zb":"b3","len":0.34},"geometry":{"type":"LineString","coordinates":[[96.96454,35.27483],[97.18154,35.48589]]}},{"type":"Feature","properties":{"name":"Lesser Abay","scalerank":3,"na":0,"zb":"b3","len":0.36},"geometry":{"type":"LineString","coordinates":[[36.90287,11.05986],[36.62867,11.28301]]}},{"type":"Feature","properties":{"name":"Blue Nile","scalerank":3,"na":0,"zb":"b3","len":11.87},"geometry":{"type":"LineString","coordinates":[[31.99938,15.07676],[32.54295,14.5852],[32.84832,13.93794],[32.96682,13.22771],[33.34167,12.61071],[33.61441,11.93572],[33.85927,11.25222],[34.35909,10.7134],[34.5781,10.02882],[35.06498,9.48294],[35.77351,9.30046],[36.48554,9.50415],[37.13495,9.3597],[37.85907,9.22192],[38.5693,9.43011],[39.10987,9.91648],[39.22794,10.6346],[39.04498,11.33484],[38.49826,11.81631],[37.8716,12.20481]]}},{"type":"Feature","properties":{"name":"Shire","scalerank":3,"na":0,"zb":"b3","len":3.68},"geometry":{"type":"LineString","coordinates":[[35.9886,-14.30756],[35.93055,-15.19539],[35.69434,-15.99014],[36.01455,-16.81929],[36.04979,-17.7055]]}},{"type":"Feature","properties":{"name":"Weir","scalerank":3,"na":0,"zb":"b3","len":1.69},"geometry":{"type":"LineString","coordinates":[[151.40268,-28.21035],[150.56912,-27.98837]]}},{"type":"Feature","properties":{"name":"Grande","scalerank":3,"na":0,"zb":"b3","len":7.9},"geometry":{"type":"LineString","coordinates":[[-66.85389,-18.09233],[-66.31872,-18.58919],[-65.75827,-19.0577],[-65.06276,-19.28224],[-64.4837,-19.63898],[-63.78004,-19.81201],[-63.10549,-19.51533],[-62.52085,-19.08182],[-62.18015,-18.45506],[-62.0215,-17.76095],[-62.06049,-17.05323],[-62.45703,-16.45518],[-63.05834,-16.02918],[-63.64796,-15.58864],[-64.29261,-15.22241]]}},{"type":"Feature","properties":{"name":"Kibali","scalerank":3,"na":0,"zb":"b3","len":2.45},"geometry":{"type":"LineString","coordinates":[[31.11445,2.18142],[31.11265,2.93001],[30.64057,3.50074],[29.94574,3.80316],[29.32572,4.23615],[28.58298,4.35256]]}},{"type":"Feature","properties":{"name":"Allegheny","scalerank":3,"na":1,"zb":"b3","len":3.63},"geometry":{"type":"LineString","coordinates":[[-77.73587,41.27186],[-78.64702,41.36509],[-78.90768,40.73059],[-79.37651,40.10824]]}},{"type":"Feature","properties":{"name":"Barwon","scalerank":3,"na":0,"zb":"b3","len":3.74},"geometry":{"type":"LineString","coordinates":[[150.55305,-27.98665],[149.74146,-27.94273],[148.97419,-28.16494],[148.35838,-28.62961],[147.91593,-29.2261],[147.17203,-29.50096]]}},{"type":"Feature","properties":{"name":"Darling","scalerank":3,"na":0,"zb":"b3","len":8.17},"geometry":{"type":"LineString","coordinates":[[147.64752,-29.49819],[146.89547,-29.32662],[146.12191,-29.34217],[145.40889,-29.60744],[144.75416,-29.97284],[144.11481,-30.35697],[143.48472,-30.75078],[142.88123,-31.17222],[142.3521,-31.65842],[141.84373,-32.14953],[141.62883,-32.77899],[141.53664,-33.39295],[141.19033,-33.96475]]}},{"type":"Feature","properties":{"name":"Mamor\u00e9","scalerank":3,"na":0,"zb":"b3","len":4.2},"geometry":{"type":"LineString","coordinates":[[-65.6959,-11.55527],[-65.89193,-12.31695],[-65.89469,-13.10338],[-65.96519,-13.88744],[-65.75569,-14.64686],[-65.66252,-15.42682],[-65.35747,-16.15497]]}},{"type":"Feature","properties":{"name":"Niagara","scalerank":3,"na":1,"zb":"b3","len":0.24},"geometry":{"type":"LineString","coordinates":[[-79.82428,43.12205],[-79.81748,43.29401]]}},{"type":"Feature","properties":{"name":"St. Clair","scalerank":3,"na":1,"zb":"b3","len":0.67},"geometry":{"type":"LineString","coordinates":[[-83.35791,42.749],[-83.13001,43.20688]]}},{"type":"Feature","properties":{"name":"Guapor\u00e9","scalerank":3,"na":0,"zb":"b3","len":1.62},"geometry":{"type":"LineString","coordinates":[[-66.15409,-10.39411],[-66.08369,-11.3521],[-65.71323,-12.23798]]}},{"type":"Feature","properties":{"name":"Madeira","scalerank":3,"na":0,"zb":"b3","len":10.26},"geometry":{"type":"LineString","coordinates":[[-66.15347,-10.36203],[-66.08993,-9.61355],[-65.68734,-8.99315],[-65.0374,-8.63078],[-64.41639,-8.19326],[-63.85646,-7.67932],[-63.64291,-7.00521],[-63.21772,-6.38591],[-62.68215,-5.85406],[-62.09907,-5.36506],[-61.46494,-4.94096],[-60.84106,-4.50205],[-60.28189,-3.98346],[-59.76274,-3.4246],[-59.26333,-2.84743]]}},{"type":"Feature","properties":{"name":"Shatt al-Arab","scalerank":3,"na":0,"zb":"b3","len":1.61},"geometry":{"type":"LineString","coordinates":[[47.88954,29.63325],[47.32855,30.07408],[46.84922,30.59209]]}},{"type":"Feature","properties":{"name":"Murray","scalerank":3,"na":0,"zb":"b3","len":10.2},"geometry":{"type":"LineString","coordinates":[[139.77467,-33.51027],[140.50316,-33.56874],[141.23106,-33.44663],[141.97484,-33.52805],[142.66892,-33.76097],[143.27556,-34.09663],[143.86713,-34.47169],[144.30446,-34.97517],[144.89245,-35.35345],[145.63762,-35.28005],[146.36562,-35.44144],[147.11743,-35.4597],[147.87091,-35.45572],[148.52586,-35.74049],[148.82801,-36.29158],[148.81177,-36.89493]]}},{"type":"Feature","properties":{"name":"Aldan","scalerank":4,"na":0,"zb":"b3","len":9.43},"geometry":{"type":"LineString","coordinates":[[130.35018,58.18586],[131.07456,58.34744],[131.75127,58.55874],[132.41152,58.78265],[133.07801,59.00009],[133.66588,59.26763],[134.17395,59.57415],[134.65458,59.88908],[135.12638,60.20439],[135.58822,60.52029],[135.97879,60.85445],[136.20476,61.21926],[136.27961,61.5946],[136.39832,61.96291]]}},{"type":"Feature","properties":{"name":"Yenisey","scalerank":4,"na":0,"zb":"b3","len":10.98},"geometry":{"type":"LineString","coordinates":[[89.95625,62.19217],[89.59912,62.49846],[89.24785,62.80306],[88.85006,63.09232],[88.37795,63.35489],[88.21056,63.67457],[88.26887,64.0041],[88.37929,64.32753],[88.49027,64.64719],[88.58861,64.96388],[88.67416,65.27751],[88.69788,65.58906],[88.60722,65.89475],[88.37447,66.1839],[87.98693,66.44121],[87.4492,66.64845]]}},{"type":"Feature","properties":{"name":"Ural","scalerank":4,"na":0,"zb":"b3","len":8.61},"geometry":{"type":"LineString","coordinates":[[57.0503,51.80211],[56.30999,51.96818],[55.56681,52.126],[54.78268,52.15543],[54.00463,52.08249],[53.2354,51.97799],[52.45972,51.89337],[51.69175,51.78831],[51.02694,51.53569],[50.63773,51.11188],[50.4538,50.62902],[50.45422,50.12954],[50.76367,49.6641],[51.0654,49.19234]]}},{"type":"Feature","properties":{"name":"Kolyma","scalerank":4,"na":0,"zb":"b3","len":10.04},"geometry":{"type":"LineString","coordinates":[[151.69812,64.75376],[151.17991,64.99053],[150.73385,65.24999],[150.37778,65.52992],[150.21049,65.83479],[150.30405,66.14102],[150.61772,66.41858],[151.12873,66.64255],[151.61122,66.87512],[152.06592,67.11408],[152.55397,67.34044],[153.11063,67.53942],[153.74627,67.69842],[154.44578,67.81158],[155.18632,67.87896],[155.88932,67.98552]]}},{"type":"Feature","properties":{"name":"Grande","scalerank":4,"na":1,"zb":"b3","len":8.7},"geometry":{"type":"LineString","coordinates":[[-106.49087,36.64606],[-106.84438,36.09297],[-107.20013,35.53637],[-107.45243,34.93986],[-107.59833,34.31521],[-107.80927,33.70239],[-108.04128,33.08993],[-107.84896,32.47539],[-107.45237,31.91636],[-107.05581,31.35586],[-106.50564,30.89176],[-105.92927,30.44799],[-105.4312,29.95338]]}},{"type":"Feature","properties":{"name":"Dnieper","scalerank":4,"na":0,"zb":"b3","len":11.09},"geometry":{"type":"LineString","coordinates":[[29.57882,54.04693],[29.58107,53.5829],[29.42035,53.12667],[29.48412,52.6586],[29.77242,52.2132],[29.91769,51.74383],[29.79112,51.26107],[29.76429,50.76741],[29.88577,50.27492],[30.30782,49.85695],[30.8387,49.51126],[31.40956,49.16841],[32.09582,48.91731],[32.78586,48.66933],[33.47457,48.41851],[34.15049,48.15197]]}},{"type":"Feature","properties":{"name":"Pechora","scalerank":4,"na":0,"zb":"b3","len":10.81},"geometry":{"type":"LineString","coordinates":[[55.86627,65.89624],[55.47033,65.61849],[54.95524,65.37373],[54.31577,65.18619],[53.57994,65.07458],[52.79946,65.06449],[52.0697,65.17689],[51.61162,65.43533],[51.59086,65.75575],[51.71482,66.0713],[51.70296,66.38737],[51.63298,66.69846],[51.55065,67.00523],[51.46034,67.30784],[51.4995,67.60531],[51.91745,67.85252],[52.61795,67.97799],[53.13279,68.19847]]}},{"type":"Feature","properties":{"name":"Arkansas","scalerank":4,"na":1,"zb":"b3","len":11.7},"geometry":{"type":"LineString","coordinates":[[-104.7637,38.94922],[-104.00579,38.77391],[-103.23442,38.67],[-102.44456,38.67572],[-101.66435,38.57763],[-100.87756,38.51912],[-100.10199,38.40208],[-99.46321,38.66423],[-98.74109,38.88276],[-97.9911,38.70741],[-97.3254,38.37522],[-96.76515,37.93896],[-96.37706,37.39644],[-96.04274,36.84953],[-95.40192,36.47799],[-94.73602,36.13482]]}},{"type":"Feature","properties":{"name":"Salween","scalerank":4,"na":0,"zb":"b3","len":10.9},"geometry":{"type":"LineString","coordinates":[[93.05686,32.16591],[93.8055,32.16407],[94.54964,32.10176],[95.18503,31.78895],[95.89372,31.59838],[96.60007,31.39131],[97.13641,30.95523],[97.70933,30.54265],[98.13384,30.01394],[98.58616,29.4962],[99.00055,28.95317],[99.25667,28.33681],[99.51545,27.71765],[99.61986,27.06021],[99.64327,26.3918],[99.64152,25.71909],[99.67181,25.04344]]}},{"type":"Feature","properties":{"name":"Oder","scalerank":4,"na":0,"zb":"b3","len":8.7},"geometry":{"type":"LineString","coordinates":[[17.4673,49.25654],[18.21271,49.24054],[18.80913,49.52537],[18.97144,49.99304],[18.80241,50.46241],[18.49042,50.89672],[18.00014,51.25485],[17.38027,51.52315],[16.92431,51.86346],[16.4321,52.21372],[15.77842,52.43925],[15.26818,52.69958],[15.12166,53.10618],[15.32353,53.54029]]}},{"type":"Feature","properties":{"name":"Araguaia","scalerank":4,"na":0,"zb":"b3","len":11.65},"geometry":{"type":"LineString","coordinates":[[-53.85816,-18.00012],[-53.92232,-17.27358],[-53.66707,-16.58397],[-53.23397,-15.9738],[-52.72738,-15.41731],[-52.24381,-14.86049],[-51.74393,-14.31701],[-51.55996,-13.59194],[-51.34001,-12.88025],[-51.44926,-12.1386],[-51.43242,-11.38571],[-51.30773,-10.641],[-51.06682,-9.9221],[-50.76546,-9.22377],[-50.39501,-8.5587],[-50.00772,-7.90945]]}},{"type":"Feature","properties":{"name":"Snake","scalerank":4,"na":1,"zb":"b3","len":9.45},"geometry":{"type":"LineString","coordinates":[[-119.52863,46.60434],[-118.90894,46.93143],[-118.18058,47.11975],[-117.40088,47.14109],[-116.69928,46.92487],[-116.28647,46.47582],[-115.959,45.98713],[-115.88127,45.44891],[-116.09295,44.91847],[-116.28396,44.39574],[-116.14523,43.85849],[-115.54011,43.53266],[-114.78378,43.40758],[-114.10674,43.13011]]}},{"type":"Feature","properties":{"name":"Rhine","scalerank":4,"na":0,"zb":"b3","len":9.4},"geometry":{"type":"LineString","coordinates":[[10.16349,47.69948],[9.65838,48.06529],[8.92626,48.16268],[8.52151,48.29901],[8.88456,48.73898],[9.15537,49.20141],[9.13239,49.69237],[8.90731,50.15752],[8.36089,50.47886],[7.91135,50.86623],[7.57526,51.29318],[7.29198,51.73122],[6.82993,52.09865],[6.14577,52.29006]]}},{"type":"Feature","properties":{"name":"Xi","scalerank":4,"na":0,"zb":"b3","len":1.62},"geometry":{"type":"LineString","coordinates":[[110.80759,22.95147],[111.76415,22.44696],[112.87622,22.4517]]}},{"type":"Feature","properties":{"name":"Paran\u00e1","scalerank":4,"na":0,"zb":"b3","len":1.55},"geometry":{"type":"LineString","coordinates":[[-53.51837,-24.17831],[-53.67098,-24.99871],[-53.95566,-25.77789]]}},{"type":"Feature","properties":{"name":"Vaal","scalerank":4,"na":0,"zb":"b3","len":7.83},"geometry":{"type":"LineString","coordinates":[[30.87315,-26.53885],[30.53913,-27.13392],[29.89575,-27.48103],[29.16982,-27.66969],[28.41546,-27.65641],[27.70097,-27.50407],[26.99165,-27.68795],[26.44228,-28.14511],[25.75312,-28.41442],[25.21802,-28.87079],[24.60421,-29.22835],[24.01853,-29.63998]]}},{"type":"Feature","properties":{"name":"Sukhona","scalerank":4,"na":0,"zb":"b3","len":8.78},"geometry":{"type":"LineString","coordinates":[[46.11954,61.10194],[45.38177,60.99351],[44.65047,60.87508],[43.94516,60.72367],[43.2832,60.53039],[42.6552,60.30968],[42.04511,60.07537],[41.41067,59.85713],[40.67746,59.74925],[40.02468,59.93857],[39.44971,60.19404],[38.726,60.30623]]}},{"type":"Feature","properties":{"name":"Shishged","scalerank":4,"na":0,"zb":"b3","len":2.95},"geometry":{"type":"LineString","coordinates":[[98.74515,50.14503],[99.47058,50.24021],[99.96036,50.59887],[100.19179,51.05085],[100.12106,51.51821],[99.58902,51.83091],[98.84682,51.91989],[98.09583,51.98002]]}},{"type":"Feature","properties":{"name":"Parana\u00edba","scalerank":4,"na":0,"zb":"b3","len":4.98},"geometry":{"type":"LineString","coordinates":[[-51.11253,-18.61048],[-50.55563,-18.07815],[-49.78412,-17.89587],[-49.05059,-17.63021],[-48.2519,-17.6299],[-47.47845,-17.50904],[-46.69377,-17.62573],[-46.0648,-18.07584],[-45.70178,-18.74693]]}},{"type":"Feature","properties":{"name":"La Grande","scalerank":4,"na":1,"zb":"b3","len":8.89},"geometry":{"type":"LineString","coordinates":[[-69.80674,53.19761],[-69.75393,53.64524],[-70.36802,53.90059],[-71.10145,54.03781],[-71.8819,54.08094],[-72.62097,54.21675],[-73.39297,54.29088],[-74.16304,54.21406],[-74.91506,54.10226],[-75.69854,54.13591],[-76.48394,54.1413],[-77.22846,54.22898],[-78.00955,54.24143],[-78.78815,54.26725]]}},{"type":"Feature","properties":{"name":"Saskatchewan","scalerank":4,"na":1,"zb":"b3","len":8.16},"geometry":{"type":"LineString","coordinates":[[-105.00994,52.78522],[-104.25353,52.83572],[-103.57518,53.03592],[-102.9663,53.30762],[-102.38047,53.53714],[-101.65679,53.48047],[-101.01131,53.24336],[-100.4401,52.96273],[-99.77623,52.74549],[-99.02432,52.75027],[-98.31801,52.92234],[-97.61695,53.10155]]}},{"type":"Feature","properties":{"name":"North Saskatchewan","scalerank":4,"na":1,"zb":"b3","len":15.19},"geometry":{"type":"LineString","coordinates":[[-117.21817,51.54769],[-116.47838,51.62545],[-115.87286,51.91083],[-115.12659,52.01144],[-114.50875,52.27422],[-114.34385,52.71758],[-113.83207,52.93192],[-113.15799,53.13924],[-112.62508,53.46663],[-111.97823,53.42432],[-111.22761,53.3558],[-110.48608,53.28494],[-109.85953,53.02515],[-109.31845,52.69876],[-108.77083,52.37427],[-108.14517,52.10578],[-107.45314,51.9113],[-106.7201,51.98687],[-106.19369,52.32449],[-105.71723,52.68729],[-104.98459,52.78659]]}},{"type":"Feature","properties":{"name":"Bafing","scalerank":4,"na":0,"zb":"b3","len":4.29},"geometry":{"type":"LineString","coordinates":[[-11.71697,9.93914],[-11.04586,10.46492],[-10.43143,11.04102],[-9.84883,11.66454],[-9.5251,12.44453],[-9.61643,13.27178],[-10.14564,13.9075]]}},{"type":"Feature","properties":{"name":"Benue","scalerank":4,"na":0,"zb":"b3","len":9.02},"geometry":{"type":"LineString","coordinates":[[14.09303,7.27993],[14.59138,7.88202],[14.71316,8.63728],[14.43764,9.35619],[13.87184,9.88556],[13.11745,10.07234],[12.34103,10.1312],[11.56179,10.13184],[10.84723,9.81784],[10.21266,9.38117],[9.53549,8.9911],[8.83238,8.64765],[8.05696,8.70134],[7.27579,8.72582],[6.52361,8.50115]]}},{"type":"Feature","properties":{"name":"Indai\u00e1","scalerank":4,"na":0,"zb":"b3","len":2.13},"geometry":{"type":"LineString","coordinates":[[-46.59647,-21.02525],[-45.83804,-20.99739],[-45.21772,-20.58781],[-44.76101,-20.01206],[-44.40964,-19.37022]]}},{"type":"Feature","properties":{"name":"Magdalena","scalerank":4,"na":0,"zb":"b3","len":10.62},"geometry":{"type":"LineString","coordinates":[[-76.49676,1.18447],[-75.7607,1.30084],[-75.14844,1.72219],[-74.75154,2.35531],[-74.45698,3.04444],[-74.199,3.74756],[-74.03692,4.47676],[-73.9485,5.21903],[-73.81253,5.95289],[-73.3828,6.5534],[-73.14494,7.25593],[-73.0526,7.99357],[-73.13007,8.72893],[-73.43106,9.40053],[-73.99847,9.8771],[-74.01244,10.57887],[-74.11251,11.30469]]}},{"type":"Feature","properties":{"name":"Neuqu\u00e9n","scalerank":4,"na":0,"zb":"b3","len":4.65},"geometry":{"type":"LineString","coordinates":[[-70.05995,-36.40751],[-69.84686,-37.01751],[-69.27897,-37.47591],[-68.78267,-37.86065],[-68.04608,-38.11232],[-67.46859,-38.56361]]}},{"type":"Feature","properties":{"name":"Nanpan","scalerank":4,"na":0,"zb":"b3","len":6.99},"geometry":{"type":"LineString","coordinates":[[103.18137,26.02769],[102.80902,25.51053],[102.38847,24.93819],[102.35663,24.23773],[102.54238,23.55517],[103.15619,23.15767],[103.8999,23.3025],[104.43394,23.79747],[105.11142,24.11309],[105.84588,24.05234],[106.56395,24.26077],[107.23866,24.59085]]}},{"type":"Feature","properties":{"name":"Seine","scalerank":4,"na":0,"zb":"b3","len":5.48},"geometry":{"type":"LineString","coordinates":[[5.42208,47.74977],[5.1196,48.2121],[4.68256,48.62028],[4.07335,48.90726],[3.32974,48.95036],[2.76199,49.21369],[2.12262,49.47468],[1.45145,49.69931],[0.77313,49.91384]]}},{"type":"Feature","properties":{"name":"Senegal","scalerank":4,"na":0,"zb":"b3","len":7.18},"geometry":{"type":"LineString","coordinates":[[-10.2783,14.21004],[-10.77521,14.81442],[-11.42587,15.25538],[-12.11291,15.64682],[-12.65901,16.19772],[-13.21862,16.73649],[-13.89013,17.13193],[-14.64638,17.35832],[-15.43918,17.30475],[-16.22958,17.21011],[-16.88346,16.79959],[-17.2369,16.11551]]}},{"type":"Feature","properties":{"name":"Little Yenisei","scalerank":4,"na":0,"zb":"b3","len":3.73},"geometry":{"type":"LineString","coordinates":[[98.25283,51.06678],[97.43635,50.91707],[96.58793,50.87345],[95.73912,50.85544],[94.98605,51.09432],[94.19519,51.29243]]}},{"type":"Feature","properties":{"name":"Northern Dvina","scalerank":4,"na":0,"zb":"b3","len":11.39},"geometry":{"type":"LineString","coordinates":[[45.60013,60.83116],[45.62526,61.1934],[45.07227,61.46108],[44.57888,61.75124],[44.08983,62.02915],[43.41491,62.21697],[42.78142,62.43323],[42.17869,62.66574],[41.63596,62.92542],[41.1937,63.21913],[40.9016,63.54517],[40.83851,63.89045],[40.63574,64.16438],[40.01981,64.3739],[39.67412,64.67253]]}},{"type":"Feature","properties":{"name":"Negro","scalerank":4,"na":0,"zb":"b3","len":6.08},"geometry":{"type":"LineString","coordinates":[[-67.84521,-38.3974],[-67.06053,-38.51676],[-66.26283,-38.55479],[-65.50569,-38.74427],[-64.93471,-39.17258],[-64.2563,-39.48955],[-63.58843,-39.82706],[-62.96998,-40.21539],[-62.33935,-40.58992]]}},{"type":"Feature","properties":{"name":"Nederrijn","scalerank":4,"na":0,"zb":"b3","len":0.72},"geometry":{"type":"LineString","coordinates":[[5.48563,52.41829],[6.19313,52.32841]]}},{"type":"Feature","properties":{"name":"Lek","scalerank":4,"na":0,"zb":"b3","len":1.25},"geometry":{"type":"LineString","coordinates":[[4.11561,52.45839],[5.36181,52.42761]]}},{"type":"Feature","properties":{"name":"Shatt al-Hayy","scalerank":4,"na":0,"zb":"b3","len":1.93},"geometry":{"type":"LineString","coordinates":[[45.60907,30.99103],[45.33306,31.58786],[45.14021,32.19989]]}},{"type":"Feature","properties":{"name":"Verkhniy Yenisey","scalerank":4,"na":0,"zb":"b3","len":15.47},"geometry":{"type":"LineString","coordinates":[[92.34157,57.8987],[92.52531,57.50236],[92.62508,57.08842],[92.82606,56.6814],[92.38529,56.38446],[91.78843,56.12106],[91.59415,55.70965],[91.04995,55.46232],[90.48199,55.17047],[90.28301,54.74964],[90.47135,54.31789],[90.76642,53.90166],[90.95812,53.46199],[90.68507,53.0353],[90.78011,52.58091],[91.33251,52.26342],[91.42775,51.86382],[91.79016,51.45061],[92.44202,51.19676],[93.1955,51.10195],[93.96278,51.14691],[94.70277,51.2854]]}},{"type":"Feature","properties":{"name":"Hongshui","scalerank":4,"na":0,"zb":"b3","len":3.63},"geometry":{"type":"LineString","coordinates":[[106.27945,24.89264],[106.70113,24.31359],[106.94615,23.65975],[107.50935,23.19716],[108.25904,23.15681],[108.97676,23.02674],[109.72998,23.12549]]}},{"type":"Feature","properties":{"name":"Qianjiang","scalerank":4,"na":0,"zb":"b3","len":0.74},"geometry":{"type":"LineString","coordinates":[[109.88201,22.73354],[108.87439,23.44455]]}},{"type":"Feature","properties":{"name":"Xunjiang","scalerank":4,"na":0,"zb":"b3","len":1.21},"geometry":{"type":"LineString","coordinates":[[110.0296,24.10018],[111.26151,24.17367]]}},{"type":"Feature","properties":{"name":"Waal","scalerank":4,"na":0,"zb":"b3","len":1.03},"geometry":{"type":"LineString","coordinates":[[3.83208,51.38569],[5.27738,51.38887]]}},{"type":"Feature","properties":{"name":"Java\u00e9s","scalerank":4,"na":0,"zb":"b3","len":3.35},"geometry":{"type":"LineString","coordinates":[[-49.48397,-9.42225],[-49.24239,-10.19425],[-49.18422,-11.0023],[-49.20928,-11.80923],[-49.41684,-12.58586],[-49.85812,-13.26338]]}},{"type":"Feature","properties":{"name":"Tigris","scalerank":4,"na":0,"zb":"b3","len":10.22},"geometry":{"type":"LineString","coordinates":[[39.81369,38.99243],[40.51766,38.73987],[41.09664,38.38432],[41.86929,38.2771],[42.47555,37.90588],[42.98616,37.44082],[43.51016,36.97641],[43.86664,36.41576],[44.05705,35.80283],[44.26365,35.19805],[44.52985,34.59903],[45.06205,34.14075],[45.21141,33.5198],[45.87002,33.16857]]}},{"type":"Feature","properties":{"name":"Tocantins","scalerank":4,"na":0,"zb":"b3","len":12.42},"geometry":{"type":"LineString","coordinates":[[-48.51986,-15.56409],[-48.36596,-14.92495],[-47.80298,-14.43896],[-47.45297,-13.78132],[-47.42628,-13.03261],[-47.59007,-12.29785],[-47.82308,-11.57731],[-47.72025,-10.8263],[-47.65966,-10.06815],[-47.53404,-9.31825],[-47.41361,-8.56602],[-47.01195,-7.9229],[-46.75777,-7.21041],[-46.69158,-6.44645],[-46.70971,-5.6805],[-47.06842,-5.01224],[-47.72498,-4.61598],[-48.48,-4.47926]]}},{"type":"Feature","properties":{"name":"S\u00e3o Francisco","scalerank":4,"na":0,"zb":"b3","len":15.41},"geometry":{"type":"LineString","coordinates":[[-45.81731,-19.25038],[-45.97604,-18.5601],[-45.93034,-17.85871],[-45.68204,-17.18678],[-45.81753,-16.49033],[-45.72025,-15.78668],[-45.23777,-15.24903],[-44.75617,-14.71971],[-44.47935,-14.04704],[-44.2476,-13.35659],[-44.08155,-12.64872],[-44.07734,-11.92895],[-43.9962,-11.20446],[-43.62799,-10.56954],[-43.15344,-10.00108],[-42.72025,-9.4024],[-42.08171,-9.03481],[-41.35754,-8.85926],[-40.69778,-8.5505],[-40.0932,-8.11746],[-39.37398,-7.94105],[-38.64482,-8.08216],[-37.98006,-8.41802],[-37.43458,-8.91009]]}},{"type":"Feature","properties":{"name":"Orange","scalerank":4,"na":0,"zb":"b3","len":10.23},"geometry":{"type":"LineString","coordinates":[[17.20714,-29.28794],[17.95717,-29.49727],[18.74397,-29.56887],[19.5163,-29.44312],[20.192,-29.27969],[20.96308,-29.37433],[21.56603,-29.48999],[22.09314,-29.99778],[22.80665,-30.26049],[23.49899,-29.9733],[24.1008,-30.40235],[24.6685,-30.87535],[25.35542,-31.19994],[26.14292,-31.23736]]}},{"type":"Feature","properties":{"name":"Amu Darya","scalerank":5,"na":0,"zb":"b3","len":12.56},"geometry":{"type":"LineString","coordinates":[[67.96558,36.44655],[67.22349,36.64797],[66.45836,36.77761],[65.70065,36.93065],[65.00544,37.21674],[64.37354,37.58374],[63.79631,38.00144],[63.30858,38.48202],[62.70289,38.86919],[62.17216,39.31471],[61.76745,39.83078],[61.45233,40.37914],[60.96273,40.81113],[60.34818,41.17626],[59.80961,41.60243],[59.23097,41.99325],[58.6963,42.41196],[58.42448,42.9486]]}},{"type":"Feature","properties":{"name":"Tobol","scalerank":5,"na":0,"zb":"b3","len":9.41},"geometry":{"type":"LineString","coordinates":[[62.27735,53.07343],[62.84293,53.36741],[63.04046,53.76486],[63.17137,54.19617],[63.55433,54.56705],[64.14748,54.81996],[64.37631,55.22891],[64.69496,55.61411],[65.03709,55.98922],[65.36864,56.36355],[65.63175,56.75043],[65.93695,57.12321],[66.3047,57.47503]]}},{"type":"Feature","properties":{"name":"Indigirka","scalerank":5,"na":0,"zb":"b3","len":12.41},"geometry":{"type":"LineString","coordinates":[[143.45335,67.82423],[144.15871,67.91769],[144.54633,68.15947],[144.96322,68.392],[145.41948,68.61175],[145.9895,68.78917],[146.5792,68.92904],[146.68729,69.19512],[146.7106,69.46112],[146.71989,69.72401],[146.75232,69.98341],[146.84488,70.23782],[147.03675,70.48259],[147.38329,70.70402],[147.87657,70.89095],[148.45422,71.04882],[149.04055,71.20208]]}},{"type":"Feature","properties":{"name":"Thelon","scalerank":5,"na":1,"zb":"b3","len":10.03},"geometry":{"type":"LineString","coordinates":[[-105.44669,62.76479],[-105.53608,63.11204],[-105.34044,63.44468],[-105.02501,63.75704],[-104.67901,64.05946],[-104.2201,64.32745],[-103.56817,64.49736],[-102.80353,64.52447],[-102.15702,64.70064],[-101.46848,64.84587],[-100.71191,64.8979],[-99.94428,64.87411],[-99.17677,64.84937],[-98.47377,64.97078],[-97.72159,65.03708],[-96.96089,65.0032]]}},{"type":"Feature","properties":{"name":"Fraser","scalerank":5,"na":1,"zb":"b3","len":10.19},"geometry":{"type":"LineString","coordinates":[[-119.27154,53.49529],[-119.88868,53.74535],[-120.47845,54.01671],[-121.08907,54.2698],[-121.74688,54.47604],[-122.47974,54.51061],[-123.08859,54.27141],[-123.38404,53.87192],[-123.4847,53.43294],[-123.37998,52.99344],[-123.18156,52.55976],[-123.08709,52.10628],[-123.08302,51.6466],[-122.86429,51.20115],[-122.64796,50.75312],[-122.48922,50.28886],[-122.28089,49.82758]]}},{"type":"Feature","properties":{"name":"Nizhnyaya Tunguska","scalerank":5,"na":0,"zb":"b3","len":19.33},"geometry":{"type":"LineString","coordinates":[[107.61024,58.44793],[107.57766,58.83611],[107.4432,59.21518],[107.23481,59.5815],[107.12432,59.95454],[107.09024,60.32704],[107.11117,60.69577],[107.15501,61.05986],[107.21686,61.41919],[107.30433,61.7732],[107.43249,62.12036],[107.62696,62.45678],[107.63014,62.75325],[107.02425,62.95395],[106.41653,63.10063],[105.67131,63.08637],[104.93368,63.14457],[104.21418,63.23853],[103.53003,63.37483],[102.92022,63.568],[102.31899,63.73237],[101.56973,63.73811],[100.82106,63.75293],[100.07246,63.76849],[99.32339,63.77721]]}},{"type":"Feature","properties":{"name":"Syr Dar","scalerank":5,"na":0,"zb":"b3","len":10.97},"geometry":{"type":"LineString","coordinates":[[70.07055,40.96853],[69.47952,41.10488],[68.9307,41.51076],[68.9752,42.05184],[69.0111,42.6199],[68.78362,43.15747],[68.39011,43.63894],[67.90726,44.07253],[67.32535,44.43219],[66.7207,44.74701],[66.20153,45.15027],[65.55925,45.44703],[64.84355,45.64137],[64.27901,46.00695]]}},{"type":"Feature","properties":{"name":"Vistula","scalerank":5,"na":0,"zb":"b3","len":11.2},"geometry":{"type":"LineString","coordinates":[[19.61071,49.51539],[20.37611,49.62811],[21.11345,49.80122],[21.79379,50.0523],[22.3221,50.4172],[22.53589,50.89323],[22.52905,51.38391],[22.29321,51.84737],[21.88167,52.2576],[21.35015,52.60898],[20.69072,52.8631],[19.9345,52.98776],[19.33764,53.26851],[19.55289,53.7045],[19.69109,54.15951]]}},{"type":"Feature","properties":{"name":"Japur\u00e1","scalerank":5,"na":0,"zb":"b3","len":10.18},"geometry":{"type":"LineString","coordinates":[[-75.63311,-0.05775],[-75.06142,-0.53967],[-74.43466,-0.94652],[-73.73488,-1.20164],[-72.99958,-1.33769],[-72.26937,-1.43053],[-71.60919,-1.78087],[-70.91088,-2.04775],[-70.18132,-2.20278],[-69.5185,-2.33425],[-68.81043,-2.53464],[-68.06863,-2.44661],[-67.33004,-2.55077],[-66.58332,-2.54844],[-65.83818,-2.5388]]}},{"type":"Feature","properties":{"name":"Daugava","scalerank":5,"na":0,"zb":"b3","len":10.95},"geometry":{"type":"LineString","coordinates":[[32.66031,57.17195],[32.98982,56.79994],[32.87762,56.38139],[32.58384,55.98408],[32.04956,55.67931],[31.62076,55.31721],[31.02331,55.03908],[30.33605,54.83643],[29.58414,54.74182],[28.85123,54.86044],[28.24636,55.13333],[27.53999,55.3119],[26.80369,55.44382],[26.10105,55.61678],[25.57363,55.93229],[25.04859,56.21728],[24.36557,56.41474],[23.74826,56.67144]]}},{"type":"Feature","properties":{"name":"Ebro","scalerank":5,"na":0,"zb":"b3","len":6.07},"geometry":{"type":"LineString","coordinates":[[-3.945,43.5342],[-3.2317,43.34221],[-2.53562,43.11831],[-1.85308,42.87252],[-1.20479,42.58023],[-0.59817,42.24139],[0.00836,41.90113],[0.71073,41.6938],[1.17345,41.25346]]}},{"type":"Feature","properties":{"name":"Usumacinta","scalerank":5,"na":1,"zb":"b3","len":3.26},"geometry":{"type":"LineString","coordinates":[[-93.15006,18.31821],[-92.71644,17.6031],[-92.08368,17.08473],[-91.56898,16.41825],[-90.92799,15.85237]]}},{"type":"Feature","properties":{"name":"Stikine","scalerank":5,"na":1,"zb":"b3","len":7.47},"geometry":{"type":"LineString","coordinates":[[-127.83457,56.91246],[-127.20986,57.12964],[-126.91607,57.4952],[-127.07654,57.87754],[-127.60843,58.15183],[-128.29189,58.30856],[-129.03123,58.36506],[-129.76798,58.42448],[-130.50349,58.47451],[-131.19971,58.3382],[-131.79314,58.09905],[-132.27709,57.79768],[-132.52828,57.42234],[-132.59653,57.01954]]}},{"type":"Feature","properties":{"name":"San Juan","scalerank":5,"na":1,"zb":"b3","len":2.95},"geometry":{"type":"LineString","coordinates":[[-83.41602,10.20276],[-84.27798,10.10909],[-85.08562,10.44275],[-85.79209,10.9546],[-86.43401,11.53884]]}},{"type":"Feature","properties":{"name":"Grande","scalerank":5,"na":0,"zb":"b3","len":8.24},"geometry":{"type":"LineString","coordinates":[[-51.44025,-19.52449],[-50.77444,-19.12727],[-49.99919,-19.18271],[-49.22687,-19.33862],[-48.49058,-19.40918],[-47.70347,-19.33646],[-46.93912,-19.49858],[-46.29524,-19.9319],[-45.52656,-20.08309],[-44.8379,-20.44839],[-44.1287,-20.77723],[-43.5347,-21.25654],[-43.43459,-21.96482],[-43.84967,-22.5837]]}},{"type":"Feature","properties":{"name":"Tagus","scalerank":5,"na":0,"zb":"b3","len":7.64},"geometry":{"type":"LineString","coordinates":[[-9.28767,39.52232],[-8.66395,39.89464],[-7.93654,40.12633],[-7.16631,40.26268],[-6.38968,40.3752],[-5.60327,40.38776],[-4.84545,40.5139],[-4.0664,40.50501],[-3.41072,40.81191],[-2.86551,41.23502],[-2.10386,41.33233],[-1.4237,41.04441]]}},{"type":"Feature","properties":{"name":"Sacramento","scalerank":5,"na":1,"zb":"b3","len":3.62},"geometry":{"type":"LineString","coordinates":[[-121.61158,40.75022],[-121.3771,40.20615],[-121.22948,39.64156],[-121.01269,39.09413],[-120.86505,38.52695],[-121.00892,37.94787]]}},{"type":"Feature","properties":{"name":"Neva","scalerank":5,"na":0,"zb":"b3","len":1.51},"geometry":{"type":"LineString","coordinates":[[32.04973,60.02867],[31.29524,59.64222],[30.23634,59.52384]]}},{"type":"Feature","properties":{"name":"Tennessee","scalerank":5,"na":1,"zb":"b3","len":7.79},"geometry":{"type":"LineString","coordinates":[[-83.98055,36.48237],[-84.75014,36.38271],[-85.36007,35.98863],[-85.92747,35.56768],[-86.52098,35.15199],[-87.23752,35.38776],[-87.21304,36.0059],[-87.33582,36.62969],[-87.60635,37.21983],[-88.16354,37.63934]]}},{"type":"Feature","properties":{"name":"Naryn","scalerank":5,"na":0,"zb":"b3","len":8.51},"geometry":{"type":"LineString","coordinates":[[78.28968,42.26547],[78.5919,41.77364],[78.3109,41.27117],[77.66218,41.00805],[76.92277,40.92749],[76.17654,40.88946],[75.42946,40.86211],[74.68184,40.85405],[73.94523,40.93981],[73.29448,41.19877],[72.74289,40.87419],[72.13644,40.54533],[71.45664,40.30834],[70.83975,39.9898]]}},{"type":"Feature","properties":{"name":"Klamath","scalerank":5,"na":1,"zb":"b3","len":3.17},"geometry":{"type":"LineString","coordinates":[[-121.20948,42.66843],[-121.15646,42.13043],[-121.63021,41.71218],[-122.29493,41.45598],[-122.85392,41.14588],[-123.38556,40.76527],[-124.10931,40.78068],[-124.65839,41.15993]]}},{"type":"Feature","properties":{"name":"Svir","scalerank":5,"na":0,"zb":"b3","len":7.58},"geometry":{"type":"LineString","coordinates":[[34.49837,62.21268],[35.21699,62.11552],[35.81954,61.90947],[36.27727,61.62968],[36.54118,61.297],[36.42376,60.94474],[35.92647,60.68057],[35.19952,60.61797],[34.45539,60.61308],[33.8464,60.40281],[33.26172,60.17306],[32.53623,60.14632],[31.99381,59.99105]]}},{"type":"Feature","properties":{"name":"Black Volta","scalerank":5,"na":0,"zb":"b3","len":8.64},"geometry":{"type":"LineString","coordinates":[[-0.78966,9.38779],[-1.57772,9.45602],[-1.95938,9.7366],[-2.02197,10.52002],[-2.06971,11.30242],[-2.1167,12.08195],[-2.4013,12.80284],[-3.02135,13.27657],[-3.79579,13.31549],[-4.31438,12.75087],[-4.80906,12.14178],[-5.53883,11.83139]]}},{"type":"Feature","properties":{"name":"Volta","scalerank":5,"na":0,"zb":"b3","len":3.54},"geometry":{"type":"LineString","coordinates":[[-0.47506,9.22417],[0.19211,8.62897],[0.73786,7.92667],[0.9246,7.06291],[1.21435,6.28697]]}},{"type":"Feature","properties":{"name":"Culuene","scalerank":5,"na":0,"zb":"b3","len":4.54},"geometry":{"type":"LineString","coordinates":[[-54.37592,-15.68027],[-53.65473,-15.4365],[-53.06548,-14.98526],[-52.70726,-14.3324],[-52.40284,-13.65201],[-52.20669,-12.93505],[-52.36217,-12.21435],[-52.69777,-11.57684]]}},{"type":"Feature","properties":{"name":"Loire","scalerank":5,"na":0,"zb":"b3","len":9.23},"geometry":{"type":"LineString","coordinates":[[4.82101,45.1313],[4.93372,45.66325],[4.82421,46.19609],[4.53556,46.68997],[4.04901,47.09897],[3.63098,47.5195],[3.19807,47.94502],[2.53231,48.20489],[1.77337,48.28587],[1.06072,48.10198],[0.38341,47.86056],[-0.37965,47.83032],[-1.15158,47.82396],[-1.90962,47.71623]]}},{"type":"Feature","properties":{"name":"Godavari","scalerank":5,"na":0,"zb":"b3","len":9.89},"geometry":{"type":"LineString","coordinates":[[73.66824,20.7238],[74.43981,20.629],[75.16432,20.35609],[75.89817,20.10581],[76.6371,19.86867],[77.38566,19.78647],[78.1412,19.66025],[78.91842,19.71932],[79.65914,19.50707],[80.41925,19.34174],[81.05189,18.92296],[81.46759,18.297],[82.087,17.86687],[82.62676,17.37746]]}},{"type":"Feature","properties":{"name":"Mara\u00f1\u00f3n","scalerank":5,"na":0,"zb":"b3","len":10.83},"geometry":{"type":"LineString","coordinates":[[-77.33469,-10.1544],[-77.58373,-9.47279],[-78.03791,-8.88033],[-78.35507,-8.20547],[-78.59756,-7.4986],[-78.90064,-6.8174],[-79.33117,-6.21074],[-79.31624,-5.47244],[-79.04442,-4.77319],[-78.62946,-4.14916],[-77.98891,-3.77385],[-77.24852,-3.81582],[-76.55309,-4.09857],[-75.8256,-4.24478],[-75.14625,-3.92121],[-74.4106,-3.79041],[-73.67621,-3.71164]]}},{"type":"Feature","properties":{"name":"Holston","scalerank":5,"na":1,"zb":"b3","len":2.94},"geometry":{"type":"LineString","coordinates":[[-81.69259,37.57218],[-82.45555,37.32131],[-83.1937,37.02613],[-83.90833,36.69489],[-84.54087,36.27343]]}},{"type":"Feature","properties":{"name":"Pamir","scalerank":5,"na":0,"zb":"b3","len":1.11},"geometry":{"type":"LineString","coordinates":[[73.51374,38.04164],[72.77704,37.86402],[72.16298,37.48702]]}},{"type":"Feature","properties":{"name":"Sprague","scalerank":5,"na":1,"zb":"b3","len":1.05},"geometry":{"type":"LineString","coordinates":[[-120.71424,42.94437],[-121.87409,43.03104]]}},{"type":"Feature","properties":{"name":"Juruena","scalerank":5,"na":0,"zb":"b3","len":3.68},"geometry":{"type":"LineString","coordinates":[[-59.82863,-14.54132],[-59.79132,-13.66253],[-59.69284,-12.78441],[-59.5516,-11.90906],[-59.41495,-11.0384]]}},{"type":"Feature","properties":{"name":"Vychegda","scalerank":5,"na":0,"zb":"b3","len":11.61},"geometry":{"type":"LineString","coordinates":[[55.23781,62.01676],[55.43006,61.67466],[55.04519,61.37271],[54.31884,61.28008],[53.56003,61.30884],[52.85354,61.44393],[52.10323,61.4699],[51.34514,61.42708],[50.60215,61.49922],[50.0218,61.72954],[49.36369,61.73527],[48.79585,61.49473],[48.22793,61.25056],[47.56344,61.07048],[46.84658,60.94227]]}},{"type":"Feature","properties":{"name":"Colorado","scalerank":5,"na":0,"zb":"b3","len":10.73},"geometry":{"type":"LineString","coordinates":[[-69.58736,-35.08012],[-69.26006,-35.62444],[-68.99518,-36.18448],[-68.77366,-36.69946],[-68.10004,-36.96072],[-67.45581,-37.26289],[-66.99984,-37.71802],[-66.3606,-38.02588],[-65.65171,-38.17153],[-64.90558,-38.22027],[-64.17454,-38.34321],[-63.49283,-38.58388],[-62.83918,-38.8689],[-62.16627,-39.12224],[-61.64454,-39.533]]}},{"type":"Feature","properties":{"name":"Chixoy","scalerank":5,"na":1,"zb":"b3","len":2.02},"geometry":{"type":"LineString","coordinates":[[-92.03318,15.08898],[-91.5948,15.82477],[-91.15594,16.55554]]}},{"type":"Feature","properties":{"name":"B\u00edo B\u00edo","scalerank":5,"na":0,"zb":"b3","len":3.31},"geometry":{"type":"LineString","coordinates":[[-70.48191,-38.7695],[-70.65961,-38.06741],[-71.16589,-37.4575],[-71.92967,-37.0658],[-72.47515,-36.49241]]}},{"type":"Feature","properties":{"name":"Panj","scalerank":5,"na":0,"zb":"b3","len":6.89},"geometry":{"type":"LineString","coordinates":[[72.33623,37.57577],[72.19428,38.08774],[71.81407,38.62194],[71.1842,38.96569],[70.42622,38.86625],[69.83742,38.46184],[69.27395,38.07167],[68.58422,37.81744],[67.86814,37.55941]]}},{"type":"Feature","properties":{"name":"Santa Cruz","scalerank":5,"na":0,"zb":"b3","len":3.03},"geometry":{"type":"LineString","coordinates":[[-71.95934,-50.70637],[-71.15762,-50.69139],[-70.3567,-50.66546],[-69.56275,-50.5954],[-68.78472,-50.47191]]}},{"type":"Feature","properties":{"name":"Tapaj\u00f3s","scalerank":5,"na":0,"zb":"b3","len":10.46},"geometry":{"type":"LineString","coordinates":[[-57.97599,-11.29878],[-57.64825,-10.58464],[-57.51512,-9.81727],[-57.74707,-9.07596],[-57.5876,-8.30733],[-57.45079,-7.53257],[-57.35367,-6.83411],[-56.8152,-6.25245],[-56.31127,-5.64006],[-55.75581,-5.09753],[-55.20517,-4.52199],[-54.73684,-3.88078],[-54.42903,-3.14667]]}},{"type":"Feature","properties":{"name":"Trofimovskaya Protoka","scalerank":5,"na":0,"zb":"b3","len":3.67},"geometry":{"type":"LineString","coordinates":[[127.76551,73.43287],[127.14381,73.2785],[126.6085,73.09871],[126.24106,72.88386],[125.9735,72.65347],[125.74566,72.41616]]}},{"type":"Feature","properties":{"name":"Tumatskaya Protoka","scalerank":5,"na":0,"zb":"b3","len":3.33},"geometry":{"type":"LineString","coordinates":[[127.31089,73.32981],[127.29141,73.08926],[127.27194,72.84534],[127.25246,72.59801],[127.23299,72.34722]]}},{"type":"Feature","properties":{"name":"Elbe","scalerank":5,"na":0,"zb":"b3","len":8.79},"geometry":{"type":"LineString","coordinates":[[16.23444,50.93817],[16.56259,50.50232],[16.52102,50.02272],[15.99386,49.6815],[15.24518,49.60755],[14.52179,49.75932],[13.88125,50.02878],[13.41802,50.40753],[13.05419,50.80105],[12.584,51.17959],[12.02982,51.49321],[11.37549,51.73652],[11.0234,52.14258],[11.15054,52.59995],[10.54214,52.85929]]}},{"type":"Feature","properties":{"name":"Xingu","scalerank":5,"na":0,"zb":"b3","len":9.46},"geometry":{"type":"LineString","coordinates":[[-54.13438,-11.13517],[-53.82853,-10.41899],[-53.58114,-9.68038],[-53.07341,-9.09181],[-53.40928,-8.41609],[-53.41676,-7.63998],[-53.16019,-6.89931],[-53.25751,-6.21239],[-53.55046,-5.48247],[-53.56098,-4.70302],[-53.39726,-3.93137],[-53.06629,-3.22515],[-52.47445,-2.7092],[-51.7088,-2.70436]]}},{"type":"Feature","properties":{"name":"Athabasca","scalerank":5,"na":1,"zb":"b3","len":12.55},"geometry":{"type":"LineString","coordinates":[[-117.01934,53.08233],[-116.57979,53.45575],[-116.07009,53.74956],[-115.30828,53.76123],[-114.58967,53.90889],[-113.9882,54.18197],[-113.48281,54.4242],[-112.74545,54.49463],[-112.1953,54.79439],[-111.99381,55.21238],[-111.94694,55.64499],[-111.83798,56.06949],[-111.31972,56.34892],[-110.89468,56.69223],[-110.8306,57.10566],[-110.7743,57.51487],[-110.66916,57.91814]]}},{"type":"Feature","properties":{"name":"Colorado","scalerank":5,"na":1,"zb":"b3","len":11.67},"geometry":{"type":"LineString","coordinates":[[-106.5606,40.59501],[-107.29889,40.36622],[-108.007,40.08849],[-108.68723,39.77826],[-109.41301,39.55701],[-109.97356,39.12283],[-110.44684,38.6233],[-111.01476,38.18937],[-111.44695,37.66133],[-112.06692,37.26907],[-112.64133,36.96724],[-113.37806,36.74768],[-114.09855,36.61759],[-114.88206,36.53196]]}},{"type":"Feature","properties":{"name":"Taz","scalerank":6,"na":0,"zb":"b3","len":7.93},"geometry":{"type":"LineString","coordinates":[[80.82156,64.97537],[80.99969,65.29782],[81.36327,65.58882],[81.46705,65.89695],[81.42218,66.21663],[81.45644,66.53277],[80.90348,66.71262],[80.16698,66.82498],[79.47255,66.97181],[78.81995,67.14505]]}},{"type":"Feature","properties":{"name":"Olenyok","scalerank":6,"na":0,"zb":"b3","len":10.98},"geometry":{"type":"LineString","coordinates":[[120.12885,70.23835],[120.87822,70.26904],[121.62798,70.2985],[122.32033,70.39687],[122.83436,70.57852],[123.10739,70.8105],[123.37462,71.04105],[123.72279,71.25764],[124.08273,71.46989],[124.36273,71.69087],[124.45245,71.92405],[124.20201,72.14159],[123.77611,72.33175],[123.29544,72.50776],[122.77818,72.67247],[122.21839,72.82284],[121.59988,72.95032],[120.94309,73.05923]]}},{"type":"Feature","properties":{"name":"Uruguay","scalerank":6,"na":0,"zb":"b3","len":11.03},"geometry":{"type":"LineString","coordinates":[[-49.62908,-27.8495],[-50.30056,-27.59367],[-50.88595,-27.16712],[-51.54113,-26.8285],[-52.25517,-26.60357],[-53.00128,-26.48513],[-53.75743,-26.45846],[-54.48058,-26.6533],[-55.15144,-26.96739],[-55.75731,-27.37178],[-56.29185,-27.84783],[-56.78008,-28.35958],[-57.27248,-28.86583],[-57.77189,-29.36433],[-58.22341,-29.89298],[-58.5171,-30.49516],[-58.7243,-31.12161]]}},{"type":"Feature","properties":{"name":"Red","scalerank":6,"na":0,"zb":"b3","len":8.03},"geometry":{"type":"LineString","coordinates":[[100.85576,25.75913],[101.49809,25.33942],[102.01751,24.79542],[102.47217,24.20388],[103.16934,23.85939],[103.84948,23.48287],[104.45782,23.01184],[105.03239,22.50402],[105.61106,21.99865],[106.26209,21.57621],[106.75389,20.9968]]}},{"type":"Feature","properties":{"name":"Porcupine","scalerank":6,"na":1,"zb":"b3","len":12.96},"geometry":{"type":"LineString","coordinates":[[-139.06711,65.58803],[-138.64237,65.83503],[-138.15537,66.07622],[-137.73512,66.33541],[-137.35563,66.60171],[-137.07732,66.88381],[-136.97857,67.17986],[-137.13244,67.46846],[-137.55578,67.70985],[-138.20908,67.8591],[-138.96384,67.89203],[-139.69928,67.81076],[-140.4383,67.73197],[-141.17632,67.6516],[-141.89418,67.54808],[-142.57253,67.41048],[-143.25058,67.27176],[-143.94877,67.14806],[-144.6584,67.03391],[-145.37112,66.92217]]}},{"type":"Feature","properties":{"name":"Vilyuy","scalerank":6,"na":0,"zb":"b3","len":10.22},"geometry":{"type":"LineString","coordinates":[[125.84322,64.61319],[125.35289,64.36551],[124.64162,64.327],[123.89455,64.37576],[123.15662,64.32309],[122.43894,64.22299],[121.69894,64.1556],[120.97292,64.06471],[120.31012,63.90681],[119.57681,63.83802],[118.8305,63.7862],[118.11617,63.67855],[117.49202,63.49176],[117.05252,63.21818],[116.81799,62.89355]]}},{"type":"Feature","properties":{"name":"Nelson","scalerank":6,"na":1,"zb":"b3","len":10.21},"geometry":{"type":"LineString","coordinates":[[-97.35206,50.92937],[-97.46509,51.39106],[-97.79745,51.80547],[-98.15087,52.21],[-98.40757,52.63707],[-98.55738,53.07832],[-98.61511,53.52285],[-98.55138,53.96226],[-98.53047,54.39799],[-98.67668,54.81952],[-98.4416,55.21698],[-97.89333,55.50267],[-97.43834,55.81193],[-97.17209,56.20042],[-96.67363,56.50361],[-96.01379,56.69293]]}},{"type":"Feature","properties":{"name":"Tanana","scalerank":6,"na":1,"zb":"b3","len":10.41},"geometry":{"type":"LineString","coordinates":[[-141.27057,61.97742],[-140.95621,62.31289],[-140.792,62.66633],[-141.02618,63.01033],[-141.4916,63.30001],[-142.10586,63.52406],[-142.7913,63.7029],[-143.47984,63.87829],[-144.13489,64.07384],[-144.70464,64.31056],[-145.43748,64.4422],[-146.16477,64.57641],[-146.69421,64.82763],[-147.33076,65.02414],[-148.1126,65.04265],[-148.883,64.96131]]}},{"type":"Feature","properties":{"name":"Don","scalerank":6,"na":0,"zb":"b3","len":8.04},"geometry":{"type":"LineString","coordinates":[[38.94895,54.2995],[39.36664,53.92664],[39.71399,53.52815],[39.81472,53.07928],[39.73688,52.62223],[39.84478,52.16817],[39.81982,51.70226],[40.07595,51.31851],[40.53819,50.94463],[40.8284,50.49973],[41.37786,50.17602]]}},{"type":"Feature","properties":{"name":"Back","scalerank":6,"na":1,"zb":"b3","len":8.48},"geometry":{"type":"LineString","coordinates":[[-99.20196,65.66935],[-99.95461,65.59226],[-100.73235,65.58281],[-101.47436,65.57259],[-102.0364,65.35864],[-102.76293,65.24527],[-103.39264,65.0535],[-104.06558,64.88978],[-104.81583,64.80686],[-105.58941,64.83136],[-106.33196,64.92938],[-107.06448,65.03459]]}},{"type":"Feature","properties":{"name":"Kheta","scalerank":6,"na":0,"zb":"b3","len":9.72},"geometry":{"type":"LineString","coordinates":[[95.12498,70.32725],[94.44429,70.43836],[93.81562,70.5769],[93.53124,70.80178],[93.7937,71.0268],[94.46156,71.13313],[95.21658,71.13211],[95.96976,71.10624],[96.72514,71.08832],[97.42652,71.13494],[97.85267,71.33559],[98.42024,71.49456],[99.0092,71.64047],[99.50913,71.81717],[100.15799,71.9383],[100.83842,72.0411]]}},{"type":"Feature","properties":{"name":"Kama","scalerank":6,"na":0,"zb":"b3","len":8.69},"geometry":{"type":"LineString","coordinates":[[56.93578,58.92034],[57.254,59.26677],[57.28027,59.64938],[57.1146,60.02162],[56.81624,60.36763],[56.29742,60.63595],[55.56551,60.71417],[54.81718,60.65648],[54.06701,60.66621],[53.37025,60.52106],[52.74293,60.31021],[52.22163,60.03742],[51.97687,59.68141],[52.11712,59.30609],[52.45536,58.95724],[52.66715,58.57957]]}},{"type":"Feature","properties":{"name":"Han","scalerank":6,"na":0,"zb":"b3","len":8.02},"geometry":{"type":"LineString","coordinates":[[106.16719,33.67106],[106.96004,33.72345],[107.75665,33.78435],[108.4962,33.54284],[109.17259,33.41874],[109.96984,33.50314],[110.76785,33.41762],[111.54283,33.23533],[112.16513,32.81849],[112.72942,32.34133],[113.10078,31.73849],[113.35047,31.08474]]}},{"type":"Feature","properties":{"name":"Albany","scalerank":6,"na":1,"zb":"b3","len":10.24},"geometry":{"type":"LineString","coordinates":[[-92.03692,50.77024],[-91.31884,50.58873],[-90.52752,50.61108],[-89.76861,50.75047],[-89.03807,50.94364],[-88.26539,50.95226],[-87.49036,50.85842],[-86.71845,50.95231],[-86.04562,51.21029],[-85.4097,50.93346],[-84.67983,50.75226],[-83.90699,50.83453],[-83.21091,51.07147],[-82.60253,51.38659],[-81.93641,51.64873]]}},{"type":"Feature","properties":{"name":"Liard","scalerank":6,"na":1,"zb":"b3","len":9.43},"geometry":{"type":"LineString","coordinates":[[-131.8444,60.91672],[-131.26091,60.67485],[-130.70309,60.41669],[-130.14537,60.1564],[-129.57681,59.89996],[-128.96575,59.66836],[-128.25385,59.53658],[-127.59735,59.38488],[-126.92167,59.20215],[-126.20056,59.07005],[-125.44364,59.01813],[-124.70776,59.11134],[-124.0356,59.25825],[-123.41774,59.47464],[-123.05397,59.81406]]}},{"type":"Feature","properties":{"name":"Anadyr","scalerank":6,"na":0,"zb":"b3","len":10.21},"geometry":{"type":"LineString","coordinates":[[170.47638,66.87227],[170.14554,66.6713],[169.59353,66.46262],[169.14993,66.21498],[168.86805,65.92885],[168.36592,65.69452],[168.0116,65.41829],[167.96601,65.10212],[168.21374,64.79931],[168.74965,64.57215],[169.45867,64.45729],[170.21673,64.44368],[170.93437,64.54532],[171.45924,64.77681],[172.08161,64.876]]}},{"type":"Feature","properties":{"name":"Koyukuk","scalerank":6,"na":1,"zb":"b3","len":10.96},"geometry":{"type":"LineString","coordinates":[[-150.0702,68.00335],[-150.08031,67.70946],[-150.0523,67.41138],[-150.21805,67.11681],[-150.56993,66.84442],[-151.03627,66.59668],[-151.62132,66.39046],[-152.30347,66.23773],[-153.02391,66.11451],[-153.64278,65.92982],[-154.1793,65.69732],[-154.88912,65.56938],[-155.62481,65.56264],[-156.1082,65.31299],[-156.83496,65.19968]]}},{"type":"Feature","properties":{"name":"Purus","scalerank":6,"na":0,"zb":"b3","len":9.43},"geometry":{"type":"LineString","coordinates":[[-72.39424,-11.58825],[-71.64111,-11.47317],[-70.96707,-11.11972],[-70.4282,-10.59192],[-69.98951,-9.97602],[-69.29662,-9.68647],[-68.57327,-9.73117],[-67.81411,-9.66609],[-67.11652,-9.36346],[-66.65015,-8.77458],[-66.21054,-8.33155],[-65.45143,-8.3158],[-64.74888,-8.01903],[-64.13412,-7.56919]]}},{"type":"Feature","properties":{"name":"Tom","scalerank":6,"na":0,"zb":"b3","len":8.04},"geometry":{"type":"LineString","coordinates":[[90.29177,53.3177],[89.63137,53.05894],[88.8526,53.11421],[88.10888,53.28685],[87.33426,53.40567],[86.70429,53.68375],[86.61281,54.13658],[86.46562,54.57931],[85.88206,54.85852],[85.33487,55.1926],[84.66056,55.43216],[84.24204,55.80882],[84.09363,56.24787]]}},{"type":"Feature","properties":{"name":"Okavango","scalerank":6,"na":0,"zb":"b3","len":11.65},"geometry":{"type":"LineString","coordinates":[[22.81563,-20.36064],[22.30191,-19.86424],[21.81802,-19.29824],[21.27411,-18.78036],[20.51227,-18.68468],[19.75252,-18.56254],[18.98474,-18.48527],[18.26187,-18.24639],[17.75217,-17.69801],[17.3167,-17.09002],[16.98999,-16.42126],[16.49801,-15.87423],[16.00459,-15.31126],[15.6369,-14.65888],[15.59578,-13.92054],[15.58778,-13.17729]]}},{"type":"Feature","properties":{"name":"R. des Outaouais","scalerank":6,"na":1,"zb":"b3","len":3.09},"geometry":{"type":"LineString","coordinates":[[-79.36672,47.07019],[-78.47051,47.20345],[-77.63093,47.0836],[-76.72752,47.00637]]}},{"type":"Feature","properties":{"name":"Ottawa","scalerank":6,"na":1,"zb":"b3","len":6.75},"geometry":{"type":"LineString","coordinates":[[-80.22272,47.43036],[-80.00389,46.94257],[-79.71845,46.46724],[-79.28629,46.04579],[-78.63266,45.80217],[-77.90929,45.66895],[-77.28257,45.38828],[-76.71179,45.04902],[-75.99419,44.91537],[-75.25555,45.00054],[-74.52571,45.01826]]}},{"type":"Feature","properties":{"name":"Kem","scalerank":6,"na":0,"zb":"b3","len":3.0},"geometry":{"type":"LineString","coordinates":[[32.5721,65.05022],[32.90704,64.73139],[33.05669,64.38118],[33.06979,64.02122],[32.7709,63.68543],[32.0723,63.50395],[31.26823,63.56128]]}},{"type":"Feature","properties":{"name":"Mur","scalerank":6,"na":0,"zb":"b3","len":6.08},"geometry":{"type":"LineString","coordinates":[[13.70689,47.59858],[14.49266,47.733],[15.28952,47.79755],[15.96169,47.5137],[16.4299,47.09952],[17.13815,46.82975],[17.75768,46.46982],[18.51076,46.26016],[19.25999,46.04184]]}},{"type":"Feature","properties":{"name":"Suez Canal","scalerank":6,"na":0,"zb":"b3","len":1.55},"geometry":{"type":"LineString","coordinates":[[33.08184,31.23943],[33.13752,30.60845],[33.32414,29.9872]]}},{"type":"Feature","properties":{"name":"Ismailiya Canal","scalerank":6,"na":0,"zb":"b3","len":1.24},"geometry":{"type":"LineString","coordinates":[[32.16132,31.2323],[31.34316,31.03746],[30.68967,30.57345]]}},{"type":"Feature","properties":{"name":"Great Bear","scalerank":6,"na":0,"zb":"b3","len":1.81},"geometry":{"type":"LineString","coordinates":[[169.53284,-45.34742],[169.62167,-46.04158],[169.49072,-46.72195]]}},{"type":"Feature","properties":{"name":"Waitaki","scalerank":6,"na":0,"zb":"b3","len":1.65},"geometry":{"type":"LineString","coordinates":[[169.83575,-43.75272],[169.53953,-44.39509],[169.89578,-45.01294],[170.67119,-45.39385]]}},{"type":"Feature","properties":{"name":"Ishikari","scalerank":6,"na":0,"zb":"b3","len":2.07},"geometry":{"type":"LineString","coordinates":[[143.50741,44.14382],[142.62234,44.39475],[141.71795,44.16736],[140.99155,43.71999]]}},{"type":"Feature","properties":{"name":"Kayan","scalerank":6,"na":0,"zb":"b3","len":3.16},"geometry":{"type":"LineString","coordinates":[[114.37907,2.41467],[115.10623,2.69885],[115.82266,2.97316],[116.44808,3.43865],[117.21022,3.59649]]}},{"type":"Feature","properties":{"name":"Barito","scalerank":6,"na":0,"zb":"b3","len":4.79},"geometry":{"type":"LineString","coordinates":[[115.50727,0.20824],[115.56825,-0.48606],[115.64761,-1.32394],[115.63527,-2.17451],[115.52349,-3.01575],[115.16613,-3.78234]]}},{"type":"Feature","properties":{"name":"Purari","scalerank":6,"na":0,"zb":"b3","len":2.96},"geometry":{"type":"LineString","coordinates":[[142.79006,-6.22399],[143.28047,-6.97726],[144.09828,-7.32067],[144.4586,-8.0239]]}},{"type":"Feature","properties":{"name":"Batang Indragiri","scalerank":6,"na":0,"zb":"b3","len":2.89},"geometry":{"type":"LineString","coordinates":[[100.39366,-1.30768],[101.19579,-1.39597],[101.99593,-1.28429],[102.79983,-1.24072],[103.594,-1.09686]]}},{"type":"Feature","properties":{"name":"Po","scalerank":6,"na":0,"zb":"b3","len":5.69},"geometry":{"type":"LineString","coordinates":[[7.34022,44.18995],[8.01137,44.44774],[8.69432,44.54827],[9.46048,44.59612],[10.20472,44.4733],[10.96248,44.48956],[11.72664,44.46057],[12.49514,44.42916]]}},{"type":"Feature","properties":{"name":"Semliki","scalerank":6,"na":0,"zb":"b3","len":4.46},"geometry":{"type":"LineString","coordinates":[[29.67645,-1.94127],[28.99029,-1.66993],[28.65795,-1.02313],[28.75936,-0.28696],[28.82869,0.45239],[29.14058,1.12057],[29.70241,1.61045],[30.27113,2.09275],[30.7634,2.65288]]}},{"type":"Feature","properties":{"name":"Koukourou","scalerank":6,"na":0,"zb":"b3","len":1.43},"geometry":{"type":"LineString","coordinates":[[21.35589,6.71639],[20.58104,6.35894],[19.74626,6.51278],[19.12311,7.09013]]}},{"type":"Feature","properties":{"name":"Chari","scalerank":6,"na":0,"zb":"b3","len":7.88},"geometry":{"type":"LineString","coordinates":[[13.80199,11.82605],[14.48136,11.46232],[14.82868,10.82648],[15.35929,10.2797],[16.04658,9.93248],[16.79368,9.76561],[17.29103,9.18065],[17.86077,8.66354],[18.41986,8.14952],[18.74784,7.45541],[19.29598,6.9225]]}},{"type":"Feature","properties":{"name":"Panama Canal","scalerank":6,"na":1,"zb":"b3","len":0.59},"geometry":{"type":"LineString","coordinates":[[-78.95901,9.39185],[-79.23219,9.68501]]}},{"type":"Feature","properties":{"name":"Dal\u00e4lven","scalerank":6,"na":0,"zb":"b3","len":7.51},"geometry":{"type":"LineString","coordinates":[[18.20753,60.58734],[17.90964,60.25073],[17.32976,60.00338],[16.69025,59.79691],[15.9471,59.83444],[15.42264,60.10829],[14.80753,60.33373],[14.24168,60.5852],[13.74887,60.87093],[13.21704,61.1375],[12.6763,61.39758],[12.11456,61.6452],[11.56357,61.8962]]}},{"type":"Feature","properties":{"name":"Jordan","scalerank":6,"na":0,"zb":"b3","len":2.88},"geometry":{"type":"LineString","coordinates":[[34.6578,31.36168],[34.80739,32.0411],[34.82012,32.72816],[34.93195,33.40374],[35.28525,34.00403]]}},{"type":"Feature","properties":{"name":"Great Bear","scalerank":6,"na":1,"zb":"b3","len":8.46},"geometry":{"type":"LineString","coordinates":[[-102.92115,58.67645],[-103.26912,59.05016],[-103.8879,59.30542],[-104.61545,59.47448],[-105.39378,59.55423],[-106.16156,59.66793],[-106.96131,59.71139],[-107.76516,59.72157],[-108.56781,59.69634],[-109.35622,59.6178],[-110.09922,59.46275],[-110.78457,59.24858],[-111.44657,59.0141]]}},{"type":"Feature","properties":{"name":"Dniester","scalerank":6,"na":0,"zb":"b3","len":9.97},"geometry":{"type":"LineString","coordinates":[[31.11614,46.38942],[30.64803,46.798],[30.11556,47.16637],[29.77727,47.61848],[29.53772,48.09918],[29.01713,48.45946],[28.39182,48.74351],[27.72176,48.9738],[26.97356,49.02982],[26.24088,49.12515],[25.56331,49.3476],[24.91195,49.60023],[24.25971,49.85043],[23.54364,50.00224],[22.81458,49.89647],[22.25241,49.57387]]}},{"type":"Feature","properties":{"name":"Grande de Santiago","scalerank":6,"na":1,"zb":"b3","len":3.46},"geometry":{"type":"LineString","coordinates":[[-102.01415,20.26311],[-102.39852,20.90399],[-102.91292,21.48103],[-103.63846,21.77348],[-104.22991,22.27566],[-104.99637,22.49033],[-105.77221,22.31246]]}},{"type":"Feature","properties":{"name":"Great Bear","scalerank":6,"na":1,"zb":"b3","len":4.72},"geometry":{"type":"LineString","coordinates":[[-136.24856,61.17738],[-136.4857,60.7753],[-137.0973,60.4818],[-137.20731,60.05575],[-137.11927,59.62167],[-137.38515,59.20933],[-137.98518,58.88644]]}},{"type":"Feature","properties":{"name":"Kuskokwim","scalerank":6,"na":1,"zb":"b3","len":9.8},"geometry":{"type":"LineString","coordinates":[[-154.88768,63.4117],[-155.62585,63.31175],[-156.17345,63.07164],[-156.47536,62.74811],[-156.73271,62.41206],[-157.09078,62.11906],[-157.85375,62.17775],[-158.5882,62.08453],[-159.2578,61.94341],[-160.02411,61.89538],[-160.74619,61.7707],[-161.30081,61.51771],[-161.75948,61.21979],[-162.3699,60.99154]]}},{"type":"Feature","properties":{"name":"North Fork Kuskokwim River","scalerank":6,"na":1,"zb":"b3","len":4.27},"geometry":{"type":"LineString","coordinates":[[-151.75555,63.9724],[-152.17216,63.69639],[-152.66244,63.44153],[-153.17864,63.19478],[-153.73283,62.96362],[-154.36034,62.77474]]}},{"type":"Feature","properties":{"name":"Copper","scalerank":6,"na":1,"zb":"b3","len":5.6},"geometry":{"type":"LineString","coordinates":[[-143.15194,62.73347],[-143.83236,62.94115],[-144.64272,62.92671],[-145.33704,62.72523],[-145.90191,62.44956],[-146.07999,62.08376],[-145.74583,61.73178],[-145.47046,61.40262],[-145.55852,61.00951],[-145.44023,60.61053]]}},{"type":"Feature","properties":{"name":"Susitna","scalerank":6,"na":1,"zb":"b3","len":6.42},"geometry":{"type":"LineString","coordinates":[[-146.34361,62.81583],[-147.03308,62.97251],[-147.7486,63.10076],[-148.50741,63.15688],[-149.27596,63.14963],[-150.01306,63.05428],[-150.56454,62.81786],[-150.83161,62.48753],[-150.91073,62.13155],[-151.03489,61.77433],[-151.28281,61.42743]]}},{"type":"Feature","properties":{"name":"Genale","scalerank":6,"na":0,"zb":"b3","len":4.47},"geometry":{"type":"LineString","coordinates":[[38.07243,6.31832],[38.47508,5.67989],[39.05169,5.18317],[39.6807,4.7615],[40.43408,4.6907],[40.95765,4.37768],[41.4341,3.78398]]}},{"type":"Feature","properties":{"name":"Yarkand","scalerank":6,"na":0,"zb":"b3","len":9.92},"geometry":{"type":"LineString","coordinates":[[76.85205,35.80428],[76.10356,35.98856],[75.51835,36.40674],[75.21434,36.98006],[75.36273,37.58304],[75.65321,38.14849],[76.3058,38.46436],[76.74476,38.93072],[77.12158,39.46435],[77.69781,39.87286],[78.40445,40.135],[79.13717,40.35168],[79.82093,40.64822],[80.49346,40.95821]]}},{"type":"Feature","properties":{"name":"Churchill","scalerank":6,"na":1,"zb":"b3","len":5.49},"geometry":{"type":"LineString","coordinates":[[-60.6417,53.69091],[-61.38374,53.5016],[-62.10778,53.5339],[-62.87144,53.68759],[-63.62673,53.85562],[-64.41227,53.93428],[-65.13381,53.73556],[-65.43772,53.3032],[-65.37117,52.82046]]}},{"type":"Feature","properties":{"name":"Liao","scalerank":6,"na":0,"zb":"b3","len":4.33},"geometry":{"type":"LineString","coordinates":[[122.79538,43.47562],[122.81567,42.92487],[122.59556,42.46578],[122.17886,42.00179],[121.88441,41.48239],[121.4985,40.99404]]}},{"type":"Feature","properties":{"name":"Yuan","scalerank":6,"na":0,"zb":"b3","len":7.77},"geometry":{"type":"LineString","coordinates":[[112.49961,29.83252],[111.92081,29.64639],[111.18212,29.52293],[110.46376,29.31999],[109.85489,28.92878],[109.47933,28.35267],[109.3893,27.7523],[108.80142,27.36662],[108.04689,27.36706],[107.41335,27.0101]]}},{"type":"Feature","properties":{"name":"Rupert","scalerank":6,"na":1,"zb":"b3","len":5.36},"geometry":{"type":"LineString","coordinates":[[-78.56432,51.95584],[-77.83228,51.8626],[-77.08766,51.87068],[-76.34735,51.89019],[-75.61302,51.97343],[-74.88396,51.89619],[-74.14241,51.83717],[-73.45198,51.67211],[-72.98416,51.31498]]}},{"type":"Feature","properties":{"name":"San Joaquin","scalerank":6,"na":1,"zb":"b3","len":3.79},"geometry":{"type":"LineString","coordinates":[[-122.16796,37.73784],[-121.73804,37.22437],[-121.24318,36.74587],[-120.61061,36.39092],[-119.84725,36.34665],[-119.14495,36.5848]]}},{"type":"Feature","properties":{"name":"Chattahoochee","scalerank":6,"na":1,"zb":"b3","len":6.45},"geometry":{"type":"LineString","coordinates":[[-82.99781,34.61371],[-83.22487,34.02007],[-83.74093,33.55807],[-84.26924,33.09984],[-84.25119,32.4883],[-84.30722,31.85591],[-84.23753,31.20947],[-84.16249,30.56629],[-84.24288,29.9352]]}},{"type":"Feature","properties":{"name":"Alabama","scalerank":6,"na":1,"zb":"b3","len":5.66},"geometry":{"type":"LineString","coordinates":[[-85.31408,34.87471],[-86.07785,34.70179],[-86.60797,34.21249],[-87.03267,33.65059],[-87.25963,33.01417],[-87.82846,32.63137],[-88.20871,32.04439],[-88.56073,31.44026],[-88.76294,30.78228]]}},{"type":"Feature","properties":{"name":"Tugaloo","scalerank":6,"na":1,"zb":"b3","len":0.68},"geometry":{"type":"LineString","coordinates":[[-82.34049,34.85084],[-82.91907,35.21674]]}},{"type":"Feature","properties":{"name":"Chattooga","scalerank":6,"na":1,"zb":"b3","len":0.51},"geometry":{"type":"LineString","coordinates":[[-84.06213,34.93503],[-83.77722,35.38661]]}},{"type":"Feature","properties":{"name":"Savannah","scalerank":6,"na":1,"zb":"b3","len":3.42},"geometry":{"type":"LineString","coordinates":[[-83.48495,34.0662],[-83.01131,33.46219],[-82.44881,32.9068],[-81.96961,32.29811],[-81.50523,31.6744]]}},{"type":"Feature","properties":{"name":"Rh\u00f4ne","scalerank":6,"na":0,"zb":"b3","len":7.16},"geometry":{"type":"LineString","coordinates":[[7.90782,46.94632],[7.21217,46.84112],[6.45381,46.85119],[5.76444,46.60943],[5.16014,46.32382],[4.46157,46.11044],[4.11869,45.63458],[4.08479,45.08947],[3.99902,44.54236],[4.03986,43.98653],[4.02928,43.42472]]}},{"type":"Feature","properties":{"name":"Vuoksa","scalerank":6,"na":0,"zb":"b3","len":3.38},"geometry":{"type":"LineString","coordinates":[[30.90218,59.95569],[30.20617,60.23708],[29.35756,60.39004],[28.65772,60.67149],[28.12428,61.02659]]}},{"type":"Feature","properties":{"name":"Ord","scalerank":6,"na":0,"zb":"b3","len":3.69},"geometry":{"type":"LineString","coordinates":[[128.72867,-14.7265],[129.32534,-15.32521],[129.49351,-16.13408],[129.55017,-16.96152],[129.40278,-17.75848],[128.75075,-18.27935],[127.90586,-18.27404]]}},{"type":"Feature","properties":{"name":"Coppermine","scalerank":6,"na":1,"zb":"b3","len":10.55},"geometry":{"type":"LineString","coordinates":[[-115.76816,67.97538],[-116.17962,67.73814],[-116.56411,67.49221],[-116.80999,67.21966],[-116.76557,66.93021],[-116.41973,66.67027],[-115.84193,66.48134],[-115.37584,66.25323],[-115.15225,65.96298],[-114.96701,65.66442],[-114.69514,65.37498],[-114.225,65.13248],[-113.56344,64.98491],[-113.02837,64.8071],[-112.66581,64.52718],[-112.0695,64.33466],[-111.3395,64.25973]]}},{"type":"Feature","properties":{"name":"Atbarah","scalerank":6,"na":0,"zb":"b3","len":3.92},"geometry":{"type":"LineString","coordinates":[[36.6511,14.55547],[36.58946,15.30609],[36.3702,16.03088],[36.0285,16.70586],[35.58703,17.32447],[35.0275,17.84615],[34.3937,18.28501]]}},{"type":"Feature","properties":{"name":"Biya","scalerank":6,"na":0,"zb":"b3","len":3.87},"geometry":{"type":"LineString","coordinates":[[88.41463,51.59848],[88.02358,52.06803],[87.64776,52.53644],[87.04231,52.89787],[86.24025,53.06041],[85.39057,53.01941],[84.61814,52.80958]]}},{"type":"Feature","properties":{"name":"Rainy","scalerank":6,"na":1,"zb":"b3","len":4.66},"geometry":{"type":"LineString","coordinates":[[-95.05693,48.41634],[-94.32084,48.17265],[-93.52994,48.04276],[-92.73852,48.17766],[-91.93646,48.29803],[-91.13033,48.38761],[-90.43266,48.66822],[-89.86808,49.05831]]}},{"type":"Feature","properties":{"name":"Winnipeg","scalerank":6,"na":1,"zb":"b3","len":4.81},"geometry":{"type":"LineString","coordinates":[[-95.89581,51.16019],[-95.47004,50.78245],[-94.76023,50.65535],[-94.18835,50.35086],[-93.85773,49.92605],[-93.87706,49.44551],[-93.97601,48.98205]]}},{"type":"Feature","properties":{"name":"South Saskatchewan","scalerank":6,"na":1,"zb":"b3","len":15.82},"geometry":{"type":"LineString","coordinates":[[-104.66597,52.85259],[-105.31891,52.60212],[-105.66415,52.18787],[-106.00835,51.7615],[-106.05047,51.32633],[-106.11942,50.8544],[-106.57667,50.46351],[-107.2583,50.24058],[-108.02528,50.22016],[-108.75158,50.38215],[-109.47772,50.45627],[-109.95827,50.07771],[-110.4149,49.68509],[-111.12952,49.5079],[-111.88304,49.58267],[-112.49856,49.87976],[-113.02611,50.2409],[-113.76209,50.37152],[-114.47422,50.55442],[-115.18578,50.65864],[-115.91994,50.79958],[-116.56224,51.06894],[-117.07434,51.42652]]}},{"type":"Feature","properties":{"name":"White Volta","scalerank":6,"na":0,"zb":"b3","len":6.7},"geometry":{"type":"LineString","coordinates":[[-2.83884,13.95094],[-2.83499,13.14849],[-2.39652,12.48944],[-1.7756,12.06162],[-1.41779,11.3318],[-1.66215,10.69867],[-1.92812,9.94997],[-1.97508,9.15685],[-1.68212,8.3916]]}},{"type":"Feature","properties":{"name":"Kemijoki","scalerank":6,"na":0,"zb":"b3","len":8.05},"geometry":{"type":"LineString","coordinates":[[29.52778,68.15468],[29.53649,67.86168],[29.29005,67.57788],[28.95175,67.30413],[28.59639,67.03041],[28.25034,66.75189],[28.08411,66.44749],[27.72037,66.17535],[26.98545,66.08231],[26.20517,66.12977],[25.7086,65.91341],[25.21336,65.6611]]}},{"type":"Feature","properties":{"name":"Mah\u00e4na Nad\u00ef","scalerank":6,"na":0,"zb":"b3","len":6.94},"geometry":{"type":"LineString","coordinates":[[86.7847,20.55316],[86.20829,20.99819],[85.47678,21.10187],[84.79245,21.36333],[84.42196,21.92357],[83.79744,22.28031],[83.05925,22.4031],[82.31504,22.48794],[81.57811,22.43503],[80.96593,22.04042],[80.49096,21.50054],[79.98836,20.98421]]}},{"type":"Feature","properties":{"name":"Pit","scalerank":6,"na":1,"zb":"b3","len":2.5},"geometry":{"type":"LineString","coordinates":[[-122.29623,40.18904],[-121.50298,40.42119],[-120.69628,40.62353],[-120.10161,41.08279],[-119.67794,41.63146]]}},{"type":"Feature","properties":{"name":"Sassandra","scalerank":6,"na":0,"zb":"b3","len":5.09},"geometry":{"type":"LineString","coordinates":[[-7.91848,9.81866],[-7.99093,9.02852],[-7.90689,8.23718],[-7.82248,7.44403],[-7.78358,6.64587],[-7.58882,5.87466],[-7.15418,5.20218],[-6.69804,4.54126]]}},{"type":"Feature","properties":{"name":"Waikato","scalerank":6,"na":0,"zb":"b3","len":3.06},"geometry":{"type":"LineString","coordinates":[[176.43444,-39.31518],[176.88433,-38.8112],[176.84849,-38.21218],[176.299,-37.79002],[175.82988,-37.28644],[175.33099,-36.80874],[174.56368,-36.75595]]}},{"type":"Feature","properties":{"name":"Vorma","scalerank":6,"na":0,"zb":"b3","len":3.0},"geometry":{"type":"LineString","coordinates":[[11.40743,60.73905],[10.95759,60.42539],[10.57178,60.09053],[10.42132,59.71343],[10.25958,59.33698]]}},{"type":"Feature","properties":{"name":"Gan","scalerank":6,"na":0,"zb":"b3","len":6.23},"geometry":{"type":"LineString","coordinates":[[116.90266,29.50808],[116.66115,28.81042],[116.41452,28.10947],[116.00655,27.46379],[115.71252,26.77023],[115.75455,26.07097],[115.7352,25.32715],[115.39502,24.63736],[114.79958,24.11302]]}},{"type":"Feature","properties":{"name":"Krishna","scalerank":6,"na":0,"zb":"b3","len":8.76},"geometry":{"type":"LineString","coordinates":[[74.38844,18.44244],[74.78954,17.83192],[75.23374,17.30015],[75.96281,17.10143],[76.66736,17.1632],[77.41433,17.14105],[78.12133,16.87995],[78.72372,17.00838],[79.40989,17.30518],[80.16674,17.33691],[80.87743,17.09392],[81.41256,16.58796],[81.61516,15.88943]]}},{"type":"Feature","properties":{"name":"Skeena","scalerank":6,"na":1,"zb":"b3","len":6.42},"geometry":{"type":"LineString","coordinates":[[-128.00512,57.35308],[-127.4945,57.0365],[-127.01685,56.70278],[-126.81233,56.29712],[-127.03667,55.90552],[-126.95448,55.47135],[-127.13297,55.04534],[-127.65012,54.71724],[-127.98732,54.31707],[-128.59541,54.0391],[-129.28686,53.83175]]}},{"type":"Feature","properties":{"name":"Kwango","scalerank":6,"na":0,"zb":"b3","len":8.94},"geometry":{"type":"LineString","coordinates":[[18.05774,-11.42486],[17.8373,-10.69813],[17.75703,-9.95459],[17.32699,-9.32636],[16.99533,-8.63984],[16.57583,-7.9972],[16.23441,-7.31086],[15.99756,-6.5807],[15.85122,-5.82638],[15.78691,-5.05967],[15.85024,-4.29415],[16.2087,-3.62188],[16.61747,-3.02442]]}},{"type":"Feature","properties":{"name":"Kafue","scalerank":6,"na":0,"zb":"b3","len":8.68},"geometry":{"type":"LineString","coordinates":[[26.44743,-11.88964],[26.77154,-12.55782],[27.12456,-13.0819],[26.72162,-13.6902],[26.0311,-13.98025],[25.47239,-14.47079],[25.21465,-15.14979],[25.32326,-15.8675],[25.81798,-16.39252],[26.56249,-16.43709],[27.31146,-16.35561],[28.05691,-16.48754],[28.79435,-16.65771]]}},{"type":"Feature","properties":{"name":"Jequitinhonha","scalerank":6,"na":0,"zb":"b3","len":5.95},"geometry":{"type":"LineString","coordinates":[[-44.14052,-18.48247],[-44.35772,-17.75123],[-44.08963,-17.05914],[-43.4816,-16.56536],[-42.85988,-16.08518],[-42.07998,-15.95095],[-41.31798,-15.7215],[-40.58661,-15.4103],[-39.80231,-15.25092],[-39.01171,-15.12116]]}},{"type":"Feature","properties":{"name":"Chubut","scalerank":6,"na":0,"zb":"b3","len":7.73},"geometry":{"type":"LineString","coordinates":[[-65.01905,-43.88231],[-65.73343,-44.03214],[-66.42325,-44.2697],[-67.18814,-44.28816],[-67.95769,-44.30604],[-68.72643,-44.30221],[-69.41723,-44.07662],[-69.8579,-43.62356],[-70.2147,-43.60736],[-70.7422,-44.00691]]}},{"type":"Feature","properties":{"name":"Mendoza","scalerank":6,"na":0,"zb":"b3","len":1.49},"geometry":{"type":"LineString","coordinates":[[-70.26138,-32.86867],[-69.45954,-32.76763],[-69.01188,-32.18998],[-68.71509,-31.52587]]}},{"type":"Feature","properties":{"name":"Branco","scalerank":6,"na":0,"zb":"b3","len":8.94},"geometry":{"type":"LineString","coordinates":[[-64.53755,2.89153],[-64.44215,3.63928],[-64.0386,4.25874],[-63.31715,4.41699],[-62.63053,4.1241],[-61.94063,4.01684],[-61.1961,4.14765],[-60.44907,4.10068],[-59.90566,3.60609],[-59.87889,2.86515],[-60.11084,2.14657],[-60.38836,1.44348],[-60.68139,0.7465],[-60.97725,0.05128],[-61.06286,-0.69871],[-61.12493,-1.45224]]}},{"type":"Feature","properties":{"name":"Meta","scalerank":6,"na":0,"zb":"b3","len":7.55},"geometry":{"type":"LineString","coordinates":[[-74.62707,4.59516],[-74.46375,3.84591],[-73.87915,3.36778],[-73.11892,3.2527],[-72.41674,3.54085],[-71.68835,3.77126],[-70.99214,4.105],[-70.38454,4.57886],[-69.76117,5.02864],[-69.10751,5.37564],[-68.33647,5.43381],[-67.57265,5.46257]]}},{"type":"Feature","properties":{"name":"Madre de Dios","scalerank":6,"na":0,"zb":"b3","len":8.09},"geometry":{"type":"LineString","coordinates":[[-71.57413,-12.64504],[-70.94639,-13.0561],[-70.24341,-13.32201],[-69.4893,-13.36225],[-68.74127,-13.25558],[-68.0485,-12.9779],[-67.50373,-12.4659],[-66.88023,-12.07328],[-66.17769,-11.79939],[-65.52404,-11.4277],[-64.92359,-10.97594]]}},{"type":"Feature","properties":{"name":"Paraiba","scalerank":6,"na":0,"zb":"b3","len":6.45},"geometry":{"type":"LineString","coordinates":[[-44.64959,-23.64126],[-45.37232,-23.97069],[-46.17056,-23.99855],[-46.70695,-23.4838],[-46.5217,-22.79055],[-45.88599,-22.33009],[-45.17456,-21.97456],[-44.38687,-21.81159],[-43.63669,-21.53952],[-42.90681,-21.2122],[-42.1526,-20.94359],[-41.34616,-20.97243]]}},{"type":"Feature","properties":{"name":"Pilcomayo River","scalerank":6,"na":0,"zb":"b3","len":11.65},"geometry":{"type":"LineString","coordinates":[[-67.07113,-18.9662],[-66.47922,-18.53439],[-65.73093,-18.47905],[-64.98432,-18.58606],[-64.39284,-19.03545],[-64.02934,-19.66967],[-63.64592,-20.29085],[-63.04544,-20.72376],[-62.44775,-21.16321],[-62.05675,-21.77611],[-61.54702,-22.30457],[-61.0306,-22.82238],[-60.39978,-23.2201],[-59.68213,-23.46564],[-59.00647,-23.79584],[-58.35072,-24.15804],[-57.66213,-24.46445],[-57.06226,-24.88742]]}},{"type":"Feature","properties":{"name":"Lom","scalerank":6,"na":0,"zb":"b3","len":2.41},"geometry":{"type":"LineString","coordinates":[[15.40518,6.53205],[15.00614,5.69841],[14.41322,4.97624],[13.67753,4.41428]]}},{"type":"Feature","properties":{"name":"Tshuapa","scalerank":6,"na":0,"zb":"b3","len":7.85},"geometry":{"type":"LineString","coordinates":[[25.30005,-2.89849],[24.99522,-2.19063],[24.69572,-1.48127],[24.29324,-0.83209],[23.61639,-0.47821],[22.91102,-0.16735],[22.20741,0.14896],[21.47918,0.40324],[20.72198,0.51485],[19.95794,0.6151],[19.18756,0.58221],[18.44635,0.77497]]}},{"type":"Feature","properties":{"name":"Omo","scalerank":6,"na":0,"zb":"b3","len":5.76},"geometry":{"type":"LineString","coordinates":[[36.36504,8.79421],[36.71584,8.04657],[36.52584,7.37142],[35.79436,6.96322],[35.30503,6.29239],[35.20638,5.46688],[35.29611,4.65959]]}},{"type":"Feature","properties":{"name":"Mananantanana","scalerank":6,"na":0,"zb":"b3","len":1.81},"geometry":{"type":"LineString","coordinates":[[47.65581,-21.47238],[47.0408,-20.91624],[46.26677,-20.60758],[45.42922,-20.75206]]}},{"type":"Feature","properties":{"name":"Ouham","scalerank":6,"na":0,"zb":"b3","len":5.66},"geometry":{"type":"LineString","coordinates":[[15.17818,5.72139],[15.96594,5.56534],[16.73056,5.76166],[17.52419,5.76145],[18.25693,6.05769],[18.73939,6.69259],[18.86708,7.46215],[18.50643,8.13522],[18.83089,8.85237]]}},{"type":"Feature","properties":{"name":"Kade\u00ef","scalerank":6,"na":0,"zb":"b3","len":5.32},"geometry":{"type":"LineString","coordinates":[[15.37549,5.8651],[15.26937,5.12821],[15.57309,4.66837],[16.22245,4.29154],[16.73568,3.74968],[16.96002,3.04017],[16.91394,2.29718],[16.84908,1.54933]]}},{"type":"Feature","properties":{"name":"Ruvuma","scalerank":6,"na":0,"zb":"b3","len":6.29},"geometry":{"type":"LineString","coordinates":[[35.46267,-10.07307],[34.78545,-10.35792],[34.52064,-11.02707],[34.72479,-11.72849],[35.26844,-12.2136],[36.00137,-12.30167],[36.73834,-12.39835],[37.48119,-12.36827],[38.16775,-12.09874],[38.90948,-12.01296],[39.61684,-11.76821],[40.29974,-11.46347],[40.92399,-11.05661]]}},{"type":"Feature","properties":{"name":"Thames","scalerank":6,"na":0,"zb":"b3","len":2.49},"geometry":{"type":"LineString","coordinates":[[-2.02591,52.15376],[-1.17965,52.1029],[-0.35417,51.97127],[0.49718,51.9336]]}},{"type":"Feature","properties":{"name":"Ari\u00e8ge","scalerank":6,"na":0,"zb":"b3","len":1.82},"geometry":{"type":"LineString","coordinates":[[1.16715,42.32878],[0.78708,43.01744],[0.49348,43.72319]]}},{"type":"Feature","properties":{"name":"Garonne","scalerank":6,"na":0,"zb":"b3","len":2.42},"geometry":{"type":"LineString","coordinates":[[1.68475,44.31129],[0.886,44.7459],[0.15628,45.19869]]}},{"type":"Feature","properties":{"name":"Douro","scalerank":6,"na":0,"zb":"b3","len":6.88},"geometry":{"type":"LineString","coordinates":[[-3.5057,42.1933],[-4.26541,42.1776],[-5.01749,42.08856],[-5.7769,42.07366],[-6.52352,41.98551],[-7.18446,41.70649],[-7.93945,41.73579],[-8.70084,41.72285]]}},{"type":"Feature","properties":{"name":"Helmand","scalerank":6,"na":0,"zb":"b3","len":9.71},"geometry":{"type":"LineString","coordinates":[[68.67791,33.96438],[67.96479,33.72447],[67.37179,33.32231],[66.76912,32.92158],[66.24615,32.44595],[65.75363,31.94426],[65.23938,31.45589],[64.90065,30.86782],[64.47972,30.31729],[63.85747,29.92839],[63.14258,29.68009],[62.38313,29.5899],[61.6755,29.82798],[61.20084,30.34716],[60.90201,30.95836]]}},{"type":"Feature","properties":{"name":"Yamuna","scalerank":6,"na":0,"zb":"b3","len":9.32},"geometry":{"type":"LineString","coordinates":[[77.87623,31.42884],[77.30558,30.98662],[76.83255,30.4647],[76.48755,29.87139],[76.40808,29.20776],[76.55462,28.54616],[76.77971,27.89652],[77.07785,27.26776],[77.56148,26.73637],[78.20399,26.35875],[78.80856,25.93512],[79.44543,25.54489],[80.12956,25.22488],[80.80582,24.89633],[81.51223,24.63765],[82.25003,24.8037]]}},{"type":"Feature","properties":{"name":"Narmada","scalerank":6,"na":0,"zb":"b3","len":9.08},"geometry":{"type":"LineString","coordinates":[[81.88148,23.39193],[81.1434,23.65761],[80.36598,23.61668],[79.61682,23.76398],[78.82447,23.73146],[78.04169,23.61308],[77.29356,23.3712],[76.56234,23.08719],[75.79009,22.92043],[75.00732,22.79735],[74.22455,22.67413],[73.43882,22.63915],[72.7161,22.34997]]}},{"type":"Feature","properties":{"name":"Dadu","scalerank":6,"na":0,"zb":"b3","len":6.81},"geometry":{"type":"LineString","coordinates":[[99.55904,32.53439],[100.11275,32.08416],[100.50959,31.52744],[101.17175,31.2163],[101.24274,30.5724],[101.44465,29.932],[101.57506,29.27397],[102.04026,28.76058],[102.79248,28.67502],[103.55814,28.70827],[104.21714,29.03786]]}},{"type":"Feature","properties":{"name":"Xar Moron","scalerank":6,"na":0,"zb":"b3","len":4.11},"geometry":{"type":"LineString","coordinates":[[116.45028,42.60417],[116.58019,43.21794],[117.25217,43.59028],[118.07007,43.77346],[118.92565,43.81705],[119.78157,43.86119],[120.62841,43.96385]]}},{"type":"Feature","properties":{"name":"Kapuas","scalerank":6,"na":0,"zb":"b3","len":4.67},"geometry":{"type":"LineString","coordinates":[[114.00733,0.67105],[113.35825,0.23551],[112.60737,-0.01011],[111.93269,-0.40934],[111.18607,-0.66035],[110.41073,-0.81233],[109.66061,-1.04708],[108.89281,-0.89934]]}},{"type":"Feature","properties":{"name":"Katherine","scalerank":6,"na":0,"zb":"b3","len":2.03},"geometry":{"type":"LineString","coordinates":[[133.88494,-13.40489],[133.6148,-14.22238],[132.99765,-14.84084],[132.25607,-15.32069]]}},{"type":"Feature","properties":{"name":"Taritatu","scalerank":6,"na":0,"zb":"b3","len":1.68},"geometry":{"type":"LineString","coordinates":[[140.11928,-4.44724],[139.21979,-4.2207],[138.36374,-3.86811]]}},{"type":"Feature","properties":{"name":"Mitchell","scalerank":6,"na":0,"zb":"b3","len":2.36},"geometry":{"type":"LineString","coordinates":[[143.23229,-17.17421],[142.50793,-16.8584],[141.84958,-16.42848],[141.30752,-15.87694]]}},{"type":"Feature","properties":{"name":"Chenab","scalerank":6,"na":0,"zb":"b3","len":9.64},"geometry":{"type":"LineString","coordinates":[[77.8374,32.83538],[77.19279,33.16439],[76.70861,33.63988],[76.03947,33.92108],[75.32338,33.81112],[74.58952,33.68835],[74.02428,33.28098],[73.4003,32.92643],[72.79216,32.55244],[72.20778,32.15231],[71.64693,31.72766],[71.28135,31.16546],[70.81009,30.66091],[70.48437,30.07583],[70.11628,29.52429]]}},{"type":"Feature","properties":{"name":"Kamchatka","scalerank":6,"na":0,"zb":"b3","len":6.95},"geometry":{"type":"LineString","coordinates":[[157.71744,54.72746],[158.16316,55.08147],[158.55904,55.45128],[158.9134,55.8156],[159.12998,56.21984],[159.58871,56.55271],[160.26649,56.73456],[161.02223,56.75461],[161.77571,56.69858],[162.53155,56.65299]]}},{"type":"Feature","properties":{"name":"Coco","scalerank":6,"na":1,"zb":"b3","len":4.31},"geometry":{"type":"LineString","coordinates":[[-87.1422,14.09801],[-86.41815,14.32022],[-85.84607,14.77766],[-85.33602,15.31353],[-84.59556,15.41735],[-83.86273,15.62285],[-83.11202,15.72328]]}},{"type":"Feature","properties":{"name":"Double Mountain Fork Brazos","scalerank":6,"na":1,"zb":"b3","len":1.39},"geometry":{"type":"LineString","coordinates":[[-102.10621,33.02333],[-100.88202,32.35212]]}},{"type":"Feature","properties":{"name":"Finlay","scalerank":6,"na":1,"zb":"b3","len":3.78},"geometry":{"type":"LineString","coordinates":[[-127.62425,57.16939],[-127.21361,57.55198],[-126.65468,57.86913],[-125.85936,57.92026],[-125.17294,57.6835],[-124.62994,57.34956],[-124.1863,56.97132]]}},{"type":"Feature","properties":{"name":"Verde","scalerank":6,"na":1,"zb":"b3","len":1.96},"geometry":{"type":"LineString","coordinates":[[-100.75992,21.52795],[-100.06217,21.08793],[-99.23401,21.00633],[-98.44801,21.28909]]}},{"type":"Feature","properties":{"name":"Potomac","scalerank":6,"na":1,"zb":"b3","len":3.69},"geometry":{"type":"LineString","coordinates":[[-80.19834,38.7479],[-79.74005,39.26696],[-79.26138,39.77099],[-78.63581,40.14966],[-77.83723,40.16906],[-77.1794,39.82727],[-76.62198,39.38504]]}},{"type":"Feature","properties":{"name":"Hudson","scalerank":6,"na":1,"zb":"b3","len":3.99},"geometry":{"type":"LineString","coordinates":[[-73.32955,43.99725],[-73.03305,43.4866],[-72.93979,42.93173],[-73.02018,42.36907],[-73.14843,41.80563],[-73.21169,41.23157]]}},{"type":"Feature","properties":{"name":"Wabash","scalerank":6,"na":1,"zb":"b3","len":6.29},"geometry":{"type":"LineString","coordinates":[[-84.04328,40.15805],[-84.12337,40.72925],[-84.6755,41.1483],[-85.37594,41.40298],[-86.15236,41.34939],[-86.89048,41.1507],[-87.54028,40.81935],[-88.04405,40.36628],[-88.19628,39.7833],[-88.34629,39.18929],[-88.45599,38.58723],[-88.74507,38.01369]]}},{"type":"Feature","properties":{"name":"Saint John","scalerank":6,"na":1,"zb":"b3","len":6.56},"geometry":{"type":"LineString","coordinates":[[-70.92792,46.43712],[-70.48298,46.88793],[-69.95628,47.29255],[-69.31808,47.6102],[-68.57178,47.78509],[-67.8004,47.7026],[-67.23793,47.33372],[-66.96255,46.82808],[-66.53265,46.45875],[-65.84926,46.18558],[-65.40389,45.73709],[-65.45259,45.19025]]}},{"type":"Feature","properties":{"name":"Yadkin","scalerank":6,"na":1,"zb":"b3","len":1.13},"geometry":{"type":"LineString","coordinates":[[-81.44469,35.46756],[-80.33159,35.62745]]}},{"type":"Feature","properties":{"name":"Tisza","scalerank":6,"na":0,"zb":"b3","len":8.23},"geometry":{"type":"LineString","coordinates":[[23.60917,48.58423],[22.86178,48.63976],[22.16643,48.82249],[21.44359,48.6722],[20.81783,48.37904],[20.27286,48.01902],[19.78498,47.62183],[19.4445,47.15826],[19.35472,46.63975],[19.35293,46.11297],[19.41932,45.58065],[19.53206,45.04655]]}},{"type":"Feature","properties":{"name":"Fitzroy","scalerank":6,"na":0,"zb":"b3","len":4.31},"geometry":{"type":"LineString","coordinates":[[127.34581,-18.08169],[126.60611,-18.20281],[126.07245,-18.70711],[125.43008,-19.07146],[124.68802,-19.09744],[124.01345,-18.79184],[123.3499,-18.48003],[122.9156,-17.89741]]}},{"type":"Feature","properties":{"name":"Digul","scalerank":6,"na":0,"zb":"b3","len":3.29},"geometry":{"type":"LineString","coordinates":[[141.42433,-5.01509],[141.1192,-5.80224],[141.09275,-6.61747],[140.75815,-7.386],[140.05776,-7.84778],[139.21175,-7.94159]]}},{"type":"Feature","properties":{"name":"Willamette","scalerank":6,"na":1,"zb":"b3","len":3.68},"geometry":{"type":"LineString","coordinates":[[-122.59454,43.00622],[-123.21435,43.43742],[-123.76128,43.91312],[-123.89611,44.508],[-123.77185,45.10955],[-123.4844,45.66554]]}},{"type":"Feature","properties":{"name":"Gila","scalerank":6,"na":1,"zb":"b3","len":7.28},"geometry":{"type":"LineString","coordinates":[[-107.5128,33.83767],[-107.46253,33.1926],[-107.88837,32.62696],[-108.50374,32.2058],[-109.28366,32.18994],[-110.04691,32.36007],[-110.80268,32.43202],[-111.59912,32.47989],[-112.36922,32.56446],[-113.12376,32.35903],[-113.87883,32.13586],[-114.6707,32.09869]]}},{"type":"Feature","properties":{"name":"Limpopo","scalerank":6,"na":0,"zb":"b3","len":8.86},"geometry":{"type":"LineString","coordinates":[[26.43469,-23.23678],[27.02351,-22.7944],[27.58546,-22.32405],[28.21278,-21.92735],[28.90276,-21.62871],[29.63768,-21.46678],[30.38793,-21.58069],[31.14461,-21.64645],[31.86134,-21.87508],[32.45441,-22.31261],[32.89765,-22.8822],[33.2192,-23.51613],[33.71444,-24.01593],[34.19889,-24.54096],[34.28796,-25.21899]]}},{"type":"Feature","properties":{"name":"Glomma","scalerank":6,"na":0,"zb":"b3","len":5.05},"geometry":{"type":"LineString","coordinates":[[10.88632,62.90081],[10.35179,62.60159],[10.01638,62.25058],[10.08297,61.85756],[10.29614,61.46979],[10.59756,61.09078],[10.96502,60.72102],[11.3544,60.35229]]}},{"type":"Feature","properties":{"name":"San Juan","scalerank":6,"na":0,"zb":"b3","len":2.56},"geometry":{"type":"LineString","coordinates":[[-69.78728,-31.84749],[-69.00144,-32.13228],[-68.43824,-32.67474],[-67.65154,-32.97957]]}},{"type":"Feature","properties":{"name":"Mangoky","scalerank":6,"na":0,"zb":"b3","len":2.42},"geometry":{"type":"LineString","coordinates":[[46.09943,-21.99807],[45.2778,-22.36209],[44.36969,-22.48764],[43.48168,-22.31614],[42.8923,-21.6796]]}},{"type":"Feature","properties":{"name":"Tekez\u00e9","scalerank":6,"na":0,"zb":"b3","len":2.36},"geometry":{"type":"LineString","coordinates":[[37.31379,13.32321],[36.49734,13.5406],[35.61138,13.72471],[35.15403,14.46401]]}},{"type":"Feature","properties":{"name":"Daly","scalerank":6,"na":0,"zb":"b3","len":2.21},"geometry":{"type":"LineString","coordinates":[[131.27894,-15.19502],[130.49331,-14.50426],[129.69676,-13.79643]]}},{"type":"Feature","properties":{"name":"Mamberamo","scalerank":6,"na":0,"zb":"b3","len":1.98},"geometry":{"type":"LineString","coordinates":[[138.04416,-3.56728],[137.57644,-2.90053],[137.15814,-2.20881],[137.15758,-1.39626]]}},{"type":"Feature","properties":{"name":"Chulyshman","scalerank":6,"na":0,"zb":"b3","len":2.44},"geometry":{"type":"LineString","coordinates":[[87.03059,51.22503],[87.40041,50.79851],[87.96731,50.46015],[88.63305,50.20575],[89.37412,50.05454]]}},{"type":"Feature","properties":{"name":"Brazos","scalerank":6,"na":1,"zb":"b3","len":8.28},"geometry":{"type":"LineString","coordinates":[[-100.80757,33.48546],[-100.24834,33.9271],[-99.50313,34.13429],[-98.7391,33.9802],[-98.1238,33.5621],[-97.52709,33.12197],[-96.99569,32.62531],[-96.56458,32.06072],[-96.16448,31.47573],[-95.74619,30.89637],[-95.41305,30.27509],[-94.93872,29.7401],[-94.66195,29.09182]]}},{"type":"Feature","properties":{"name":"Great Bear","scalerank":6,"na":1,"zb":"b3","len":2.23},"geometry":{"type":"LineString","coordinates":[[-125.82545,65.20322],[-124.75195,65.33025],[-123.67845,65.45667]]}},{"type":"Feature","properties":{"name":"P\u00e1nuco","scalerank":6,"na":1,"zb":"b3","len":0.87},"geometry":{"type":"LineString","coordinates":[[-97.43515,21.65382],[-98.33157,21.31827]]}},{"type":"Feature","properties":{"name":"Konqi He","scalerank":6,"na":0,"zb":"b3","len":3.17},"geometry":{"type":"LineString","coordinates":[[86.50401,40.67882],[87.39343,40.3778],[88.34047,40.19066],[89.30256,40.05812]]}},{"type":"Feature","properties":{"name":"Tarim","scalerank":6,"na":0,"zb":"b3","len":7.59},"geometry":{"type":"LineString","coordinates":[[86.62459,42.38016],[85.81137,42.25418],[85.18785,41.87011],[84.59861,41.70882],[83.78624,41.59962],[82.95763,41.55149],[82.1388,41.44792],[81.35463,41.24113],[80.5893,40.9955]]}},{"type":"Feature","properties":{"name":"R\u00e1ckeve-Soroks\u00e1r Danube","scalerank":6,"na":0,"zb":"b3","len":0.67},"geometry":{"type":"LineString","coordinates":[[18.1899,47.12901],[18.3146,47.57611]]}},{"type":"Feature","properties":{"name":"Ferenc Csatorna","scalerank":6,"na":0,"zb":"b3","len":0.63},"geometry":{"type":"LineString","coordinates":[[18.08685,45.90395],[18.16765,46.33442]]}},{"type":"Feature","properties":{"name":"Desaguadero","scalerank":6,"na":0,"zb":"b3","len":8.75},"geometry":{"type":"LineString","coordinates":[[-65.42735,-39.27396],[-66.0429,-38.90837],[-66.54135,-38.45124],[-66.91321,-37.94312],[-67.36635,-37.44902],[-67.56748,-36.85589],[-67.52914,-36.23461],[-67.35661,-35.62354],[-67.35471,-34.9962],[-67.53795,-34.37809],[-67.74419,-33.768],[-67.96687,-33.14927],[-68.10868,-32.50898]]}},{"type":"Feature","properties":{"name":"Bahr el Zeraf","scalerank":6,"na":0,"zb":"b3","len":1.8},"geometry":{"type":"LineString","coordinates":[[30.52271,9.86177],[30.04749,8.94512],[29.79645,7.93581]]}},{"type":"Feature","properties":{"name":"Sanaga","scalerank":6,"na":0,"zb":"b3","len":3.67},"geometry":{"type":"LineString","coordinates":[[13.12993,5.68882],[12.31616,5.59256],[11.58906,5.20809],[10.8045,4.97851],[10.04129,4.68785],[9.34312,4.25231]]}},{"type":"Feature","properties":{"name":"Jubba","scalerank":6,"na":0,"zb":"b3","len":4.97},"geometry":{"type":"LineString","coordinates":[[42.41278,4.93462],[43.01442,4.38077],[43.27533,3.60822],[43.24659,2.78814],[43.05951,2.01544],[43.32525,1.23541],[43.46891,0.42505],[43.37947,-0.39223]]}},{"type":"Feature","properties":{"name":"G\u00f6ta \u00e4lv","scalerank":6,"na":0,"zb":"b3","len":1.3},"geometry":{"type":"LineString","coordinates":[[11.05763,57.95229],[11.66323,58.55841]]}},{"type":"Feature","properties":{"name":"Xiliao","scalerank":6,"na":0,"zb":"b3","len":2.94},"geometry":{"type":"LineString","coordinates":[[123.93661,43.95687],[123.17641,44.23427],[122.33497,44.23505],[121.52838,44.03915],[120.67911,43.96895]]}},{"type":"Feature","properties":{"name":"Kokem\u00e4enjoki","scalerank":6,"na":0,"zb":"b3","len":1.24},"geometry":{"type":"LineString","coordinates":[[22.0651,61.86113],[23.0461,61.49758]]}},{"type":"Feature","properties":{"name":"Pee Dee","scalerank":6,"na":1,"zb":"b3","len":3.76},"geometry":{"type":"LineString","coordinates":[[-81.22238,36.22847],[-81.09368,35.5095],[-80.70854,34.84819],[-80.40302,34.147],[-79.97803,33.48618]]}},{"type":"Feature","properties":{"name":"Sangha","scalerank":6,"na":0,"zb":"b3","len":3.37},"geometry":{"type":"LineString","coordinates":[[17.46611,-1.71367],[17.88976,-0.94339],[17.9485,-0.06509],[17.63638,0.75139],[17.19715,1.49752],[16.64187,2.18194]]}},{"type":"Feature","properties":{"name":"Songhwa","scalerank":6,"na":0,"zb":"b3","len":9.02},"geometry":{"type":"LineString","coordinates":[[133.16428,47.45767],[132.64557,47.04119],[131.9474,46.77513],[131.16773,46.64062],[130.51219,46.32753],[130.0059,45.89425],[129.35756,45.56715],[128.58505,45.41811],[127.78086,45.40265],[127.01256,45.35478],[126.30058,45.09321],[125.52214,44.95669],[124.71937,44.91675]]}},{"type":"Feature","properties":{"name":"Min","scalerank":6,"na":0,"zb":"b3","len":1.26},"geometry":{"type":"LineString","coordinates":[[103.12137,29.1299],[103.6043,28.6306],[104.19422,28.22791]]}},{"type":"Feature","properties":{"name":"Khatanga","scalerank":6,"na":0,"zb":"b3","len":4.13},"geometry":{"type":"LineString","coordinates":[[101.47868,72.09529],[102.01868,72.30447],[102.62034,72.49479],[103.2912,72.66138],[103.99501,72.81402],[104.71067,72.96053]]}},{"type":"Feature","properties":{"name":"Pend Oreille","scalerank":6,"na":1,"zb":"b3","len":1.84},"geometry":{"type":"LineString","coordinates":[[-116.7039,47.75024],[-117.61254,47.99104],[-118.03432,48.57338]]}},{"type":"Feature","properties":{"name":"Volga\u2013Don Canal","scalerank":6,"na":0,"zb":"b3","len":1.18},"geometry":{"type":"LineString","coordinates":[[45.29339,48.44432],[44.6443,47.98857],[43.68857,48.12222]]}},{"type":"Feature","properties":{"name":"Salado","scalerank":6,"na":0,"zb":"b3","len":10.21},"geometry":{"type":"LineString","coordinates":[[-65.11746,-24.09117],[-64.72536,-24.52546],[-63.99313,-24.56398],[-63.44064,-25.00684],[-63.14746,-25.62945],[-62.999,-26.29022],[-62.92373,-26.95798],[-62.75213,-27.60466],[-62.28722,-28.12549],[-61.88466,-28.66752],[-61.17232,-28.86016],[-60.54036,-29.21094],[-60.0811,-29.72243],[-59.90498,-30.34974],[-59.98377,-30.98676]]}},{"type":"Feature","properties":{"name":"Sutlej","scalerank":6,"na":0,"zb":"b3","len":10.18},"geometry":{"type":"LineString","coordinates":[[80.96298,30.20409],[81.70379,30.18692],[82.11171,30.71887],[81.79855,31.29327],[81.1263,31.61744],[80.42862,31.87553],[79.73031,32.15203],[79.01106,32.38833],[78.26302,32.31069],[77.54186,32.09687],[76.80865,32.04019],[76.07546,31.90324],[75.43087,31.70093],[74.66694,31.73763],[73.98095,31.44533],[73.42465,30.98798],[72.75054,30.67212],[72.06458,30.36544]]}},{"type":"Feature","properties":{"name":"Suda","scalerank":7,"na":0,"zb":"b3","len":1.83},"geometry":{"type":"LineString","coordinates":[[38.30377,59.338],[38.71661,58.89978],[39.10121,58.44873]]}},{"type":"Feature","properties":{"name":"Tiber","scalerank":7,"na":0,"zb":"b3","len":3.22},"geometry":{"type":"LineString","coordinates":[[12.80563,43.82215],[13.15371,43.30827],[13.14023,42.73554],[13.38752,42.20577],[13.15542,41.65059],[12.59907,41.24516]]}},{"type":"Feature","properties":{"name":"Sheksna","scalerank":9,"na":0,"zb":"b3","len":3.22},"geometry":{"type":"LineString","coordinates":[[37.9178,58.69852],[38.6375,58.83248],[39.08198,59.14749],[39.14007,59.53657],[38.98011,59.91499],[38.61861,60.25263],[38.01701,60.48505],[37.27619,60.57458]]}},{"type":"Feature","properties":{"name":"White Sea \u2013 Baltic Canal","scalerank":10,"na":0,"zb":"b3","len":4.62},"geometry":{"type":"LineString","coordinates":[[35.42051,64.40864],[35.08551,64.11431],[35.24907,63.80829],[35.47687,63.48878],[35.57458,63.15236],[35.58753,62.80947],[35.26232,62.50701],[34.54556,62.4485],[33.95255,62.6585]]}},{"type":"Feature","properties":{"name":"Kovzha","scalerank":12,"na":0,"zb":"b3","len":2.7},"geometry":{"type":"LineString","coordinates":[[38.07761,60.29739],[37.898,60.67902],[37.58219,61.03265],[37.01885,61.30036],[36.40788,61.54362]]}},{"type":"Feature","properties":{"name":"Nile","scalerank":1,"na":0,"zb":"b4","len":4.66},"geometry":{"type":"LineString","coordinates":[[32.13724,25.85312],[31.78302,26.01251],[31.49301,26.25657],[31.25001,26.53893],[31.01261,26.82457],[30.75464,27.09489],[30.54349,27.39323],[30.45659,27.73579],[30.4506,28.08752],[30.46892,28.43782],[30.52559,28.78343],[30.65344,29.11271],[30.7946,29.43579],[30.8279,29.78035]]}},{"type":"Feature","properties":{"name":"Tongtian","scalerank":1,"na":0,"zb":"b4","len":6.22},"geometry":{"type":"LineString","coordinates":[[92.87175,34.4173],[93.24237,34.51398],[93.60645,34.62563],[93.95239,34.77101],[94.29829,34.91558],[94.6771,34.98191],[95.05907,34.93434],[95.40706,34.79413],[95.71822,34.60313],[95.99401,34.37754],[96.26635,34.14837],[96.56707,33.94482],[96.8866,33.76101],[97.19054,33.55965],[97.46299,33.32857],[97.71339,33.07981],[97.98419,32.84665],[98.3001,32.65657]]}},{"type":"Feature","properties":{"name":"Missouri","scalerank":1,"na":1,"zb":"b4","len":6.17},"geometry":{"type":"LineString","coordinates":[[-103.31041,48.34987],[-103.68967,48.32486],[-104.06902,48.34375],[-104.44751,48.37208],[-104.82861,48.37361],[-105.20929,48.36073],[-105.58922,48.34009],[-105.96885,48.31704],[-106.34442,48.27823],[-106.70305,48.1963],[-106.98274,48.02373],[-107.3176,47.90403],[-107.68233,47.83024],[-108.05467,47.85591],[-108.41063,47.94734],[-108.77627,48.0184],[-109.15455,48.04799]]}},{"type":"Feature","properties":{"name":"Yangtze","scalerank":1,"na":0,"zb":"b4","len":5.82},"geometry":{"type":"LineString","coordinates":[[106.24708,29.72867],[106.56936,29.90366],[106.93066,30.00613],[107.28539,30.12243],[107.5722,30.33822],[107.81233,30.59301],[108.02307,30.86569],[108.27869,31.10466],[108.62361,31.23873],[108.99767,31.29921],[109.37528,31.34298],[109.75386,31.37995],[110.13416,31.37059],[110.51101,31.3228],[110.88206,31.249],[111.24228,31.14349],[111.54244,30.9455],[111.76782,30.68222]]}},{"type":"Feature","properties":{"name":"Mississippi","scalerank":1,"na":1,"zb":"b4","len":7.27},"geometry":{"type":"LineString","coordinates":[[-90.93468,42.25714],[-91.16349,42.4767],[-91.34894,42.71657],[-91.48839,42.97175],[-91.58869,43.23552],[-91.67256,43.50135],[-91.78141,43.76098],[-92.00414,43.97121],[-92.30373,44.13353],[-92.60593,44.2929],[-92.90228,44.45726],[-93.18465,44.63329],[-93.45298,44.81949],[-93.74352,44.98717],[-94.05687,45.13261],[-94.32692,45.31532],[-94.54224,45.53051],[-94.70654,45.7656],[-94.77381,46.02159],[-94.72389,46.27767],[-94.56401,46.51097],[-94.32186,46.70606]]}},{"type":"Feature","properties":{"name":"Amazon","scalerank":1,"na":0,"zb":"b4","len":5.38},"geometry":{"type":"LineString","coordinates":[[-66.06519,-2.94373],[-65.67531,-3.01224],[-65.36222,-3.25441],[-65.06355,-3.51468],[-64.74914,-3.75515],[-64.4148,-3.96769],[-64.06684,-4.15676],[-63.69765,-4.2996],[-63.30907,-4.37229],[-62.91547,-4.33629],[-62.53654,-4.2211],[-62.15358,-4.2491],[-61.76151,-4.2678],[-61.39656,-4.11775],[-61.02424,-3.98717]]}},{"type":"Feature","properties":{"name":"Jinsha","scalerank":1,"na":0,"zb":"b4","len":5.3},"geometry":{"type":"LineString","coordinates":[[98.42043,30.80523],[98.52399,30.48271],[98.58257,30.1501],[98.62587,29.81456],[98.66703,29.47768],[98.7098,29.13984],[98.75552,28.80117],[98.81277,28.46282],[98.9283,28.13566],[99.07186,27.81815],[99.17767,27.48595],[99.33092,27.16791],[99.54212,26.877],[99.88259,26.72367],[100.24881,26.81327],[100.48751,27.08375],[100.64712,27.39974]]}},{"type":"Feature","properties":{"name":"White Nile","scalerank":1,"na":0,"zb":"b4","len":7.0},"geometry":{"type":"LineString","coordinates":[[31.35316,9.80756],[30.9677,9.8672],[30.57962,9.88003],[30.22671,9.72645],[29.97652,9.43451],[29.84537,9.07347],[29.84074,8.68869],[29.89904,8.30717],[29.99276,7.93219],[30.12133,7.56719],[30.29597,7.22149],[30.52535,6.90861],[30.77653,6.61212],[30.99488,6.29081],[31.18335,5.95114],[31.31598,5.58701],[31.30354,5.2014],[31.19925,4.82683],[31.12641,4.44497],[31.20257,4.06865],[31.40226,3.7354]]}},{"type":"Feature","properties":{"name":"Ucayali","scalerank":1,"na":0,"zb":"b4","len":5.82},"geometry":{"type":"LineString","coordinates":[[-72.05425,-15.22594],[-71.95127,-14.86748],[-71.91863,-14.49743],[-72.13195,-14.19838],[-72.46947,-14.01955],[-72.82863,-13.88438],[-73.20137,-13.79236],[-73.54475,-13.63034],[-73.80718,-13.35731],[-74.01674,-13.04286],[-74.18895,-12.70707],[-74.31823,-12.3529],[-74.42017,-11.98973],[-74.49564,-11.62004],[-74.49701,-11.24418],[-74.30733,-10.92366],[-73.94595,-10.81626]]}},{"type":"Feature","properties":{"name":"Kagera","scalerank":1,"na":0,"zb":"b4","len":4.32},"geometry":{"type":"LineString","coordinates":[[29.3779,-3.32341],[29.70361,-3.51878],[30.07185,-3.59999],[30.43287,-3.49891],[30.71382,-3.24927],[30.86061,-2.90002],[31.0565,-2.57474],[31.20739,-2.22753],[31.24389,-1.85144],[31.2852,-1.5654],[31.65063,-1.472],[31.9778,-1.27853]]}},{"type":"Feature","properties":{"name":"Madison","scalerank":1,"na":1,"zb":"b4","len":2.94},"geometry":{"type":"LineString","coordinates":[[-111.88773,46.25467],[-111.89849,45.97034],[-111.9866,45.68525],[-112.04691,45.39548],[-112.02538,45.10209],[-111.8972,44.822],[-111.59405,44.62376],[-111.21638,44.50048],[-110.80594,44.44371]]}},{"type":"Feature","properties":{"name":"Tuotuo He","scalerank":1,"na":0,"zb":"b4","len":2.22},"geometry":{"type":"LineString","coordinates":[[90.78171,34.63182],[91.15836,34.6327],[91.53153,34.59054],[91.90193,34.53304],[92.27474,34.48771],[92.6498,34.45686],[93.0255,34.43159]]}},{"type":"Feature","properties":{"name":"Rosetta Branch","scalerank":1,"na":0,"zb":"b4","len":1.83},"geometry":{"type":"LineString","coordinates":[[31.06481,29.80606],[30.72956,30.00487],[30.50213,30.29357],[30.39323,30.63149],[30.28474,30.96812],[30.06503,31.26135]]}},{"type":"Feature","properties":{"name":"Damietta Branch","scalerank":1,"na":0,"zb":"b4","len":1.79},"geometry":{"type":"LineString","coordinates":[[31.53338,31.7487],[31.26853,31.48397],[31.03238,31.20008],[30.87357,30.87866],[30.79942,30.53418],[30.7628,30.1832]]}},{"type":"Feature","properties":{"name":"Bykovskaya Protoka","scalerank":1,"na":0,"zb":"b4","len":1.11},"geometry":{"type":"LineString","coordinates":[[127.86835,72.29918],[127.35015,72.2395],[126.83195,72.17963]]}},{"type":"Feature","properties":{"name":"Olenekskaya Protoka","scalerank":1,"na":0,"zb":"b4","len":4.44},"geometry":{"type":"LineString","coordinates":[[126.90354,72.3977],[126.58747,72.45761],[126.26198,72.51243],[125.93253,72.56502],[125.59959,72.61545],[125.26627,72.66552],[124.93294,72.71544],[124.59957,72.7652],[124.2662,72.81482],[123.9328,72.86428],[123.59938,72.91359],[123.26596,72.96277],[122.93254,73.01181]]}},{"type":"Feature","properties":{"name":"Lena","scalerank":1,"na":0,"zb":"b4","len":4.39},"geometry":{"type":"LineString","coordinates":[[106.19671,57.2368],[106.51987,57.36486],[106.85275,57.48487],[107.21177,57.58018],[107.54537,57.69762],[107.83946,57.84274],[108.11992,57.9948],[108.39738,58.14774],[108.67784,58.29849],[108.96683,58.44406],[109.27085,58.58028],[109.59907,58.69963]]}},{"type":"Feature","properties":{"name":"Lena","scalerank":1,"na":0,"zb":"b4","len":4.95},"geometry":{"type":"LineString","coordinates":[[107.66736,53.93137],[107.36129,53.80392],[107.02444,53.70759],[106.66127,53.65463],[106.28714,53.64963],[105.91591,53.6771],[105.57514,53.76676],[105.31012,53.92228],[105.08359,54.09767],[104.91136,54.29183],[104.80187,54.5003],[104.74477,54.71461],[104.75268,54.93014],[104.8195,55.14127],[104.92783,55.34574],[105.06469,55.54366],[105.20924,55.73884]]}},{"type":"Feature","properties":{"name":"Ob","scalerank":2,"na":0,"zb":"b4","len":3.85},"geometry":{"type":"LineString","coordinates":[[75.10557,61.32568],[74.7203,61.3537],[74.33349,61.3763],[73.94564,61.39441],[73.55729,61.4098],[73.16874,61.424],[72.77992,61.43644],[72.39076,61.44611],[72.00155,61.45532],[71.61233,61.46442],[71.2231,61.47342]]}},{"type":"Feature","properties":{"name":"Ob","scalerank":2,"na":0,"zb":"b4","len":3.73},"geometry":{"type":"LineString","coordinates":[[65.34219,64.52867],[65.23887,64.69323],[65.13417,64.85658],[65.06204,65.022],[65.03118,65.18873],[65.04215,65.35487],[65.0862,65.51902],[65.15703,65.68055],[65.25209,65.83898],[65.36465,65.99453],[65.49505,66.1468]]}},{"type":"Feature","properties":{"name":"Irtysh","scalerank":2,"na":0,"zb":"b4","len":5.33},"geometry":{"type":"LineString","coordinates":[[74.02402,57.39144],[73.67865,57.48999],[73.32383,57.57792],[72.95894,57.65304],[72.58775,57.7186],[72.21278,57.77761],[71.8365,57.83414],[71.46241,57.89448],[71.09535,57.96582],[70.7357,58.04698],[70.37679,58.12881],[70.00465,58.1909],[69.61923,58.225],[69.23025,58.24531],[68.84196,58.26815]]}},{"type":"Feature","properties":{"name":"Mackenzie","scalerank":2,"na":1,"zb":"b4","len":6.57},"geometry":{"type":"LineString","coordinates":[[-123.14936,63.29935],[-123.29522,63.4553],[-123.45784,63.60711],[-123.62989,63.75606],[-123.79864,63.90496],[-123.96381,64.05385],[-124.12219,64.20335],[-124.27716,64.35271],[-124.42809,64.50204],[-124.57667,64.651],[-124.74093,64.796],[-124.96128,64.92563],[-125.25672,65.02245],[-125.59409,65.09314],[-125.90787,65.18131],[-126.21455,65.2735],[-126.51657,65.36802],[-126.8222,65.46017],[-127.12983,65.55085]]}},{"type":"Feature","properties":{"name":"Yarlung","scalerank":2,"na":0,"zb":"b4","len":5.8},"geometry":{"type":"LineString","coordinates":[[88.62605,29.70559],[89.00719,29.69749],[89.38836,29.6909],[89.76954,29.68425],[90.15071,29.67753],[90.53186,29.67003],[90.91294,29.66018],[91.29378,29.64493],[91.67448,29.62701],[92.05465,29.60248],[92.43296,29.56178],[92.80665,29.49675],[93.17617,29.41591],[93.53588,29.51238],[93.90629,29.59045],[94.28059,29.65341]]}},{"type":"Feature","properties":{"name":"Angara","scalerank":2,"na":0,"zb":"b4","len":5.26},"geometry":{"type":"LineString","coordinates":[[102.79605,55.38748],[102.83611,55.16672],[102.83353,54.94357],[102.79438,54.72024],[102.74689,54.49622],[102.73274,54.26946],[102.76219,54.04202],[102.8416,53.81742],[102.9356,53.59354],[102.97341,53.36309],[103.04445,53.13431],[103.19541,52.91844],[103.38716,52.71345],[103.59718,52.51412],[103.82413,52.32086]]}},{"type":"Feature","properties":{"name":"Selenga","scalerank":2,"na":0,"zb":"b4","len":5.82},"geometry":{"type":"LineString","coordinates":[[101.63722,49.15687],[102.03026,49.12575],[102.42482,49.10446],[102.82052,49.09674],[103.21597,49.1082],[103.60942,49.13629],[103.99737,49.18752],[104.37474,49.26493],[104.73865,49.36647],[105.0922,49.48233],[105.43649,49.60915],[105.77363,49.74342],[106.09582,49.89168],[106.3643,50.07697],[106.53431,50.30499],[106.6256,50.55017],[106.73872,50.78964]]}},{"type":"Feature","properties":{"name":"Congo","scalerank":2,"na":0,"zb":"b4","len":5.04},"geometry":{"type":"LineString","coordinates":[[24.50207,1.12481],[24.1765,1.32646],[23.8745,1.56145],[23.59425,1.82233],[23.31007,2.07869],[22.9914,2.28939],[22.64934,2.46064],[22.2784,2.54975],[21.8957,2.55381],[21.51546,2.51073],[21.1397,2.43736],[20.76117,2.37925],[20.38178,2.32684],[20.0041,2.26371],[19.63137,2.17613]]}},{"type":"Feature","properties":{"name":"Peace","scalerank":2,"na":1,"zb":"b4","len":5.04},"geometry":{"type":"LineString","coordinates":[[-125.17792,56.64097],[-124.97464,56.45932],[-124.76311,56.27982],[-124.51453,56.11535],[-124.20178,55.98877],[-123.84885,55.90082],[-123.473,55.84965],[-123.08798,55.82778],[-122.70103,55.82202],[-122.31447,55.83344],[-121.93291,55.86945],[-121.56408,55.93527],[-121.18608,55.97558],[-120.80062,55.95671],[-120.41535,55.93572]]}},{"type":"Feature","properties":{"name":"Danube","scalerank":2,"na":0,"zb":"b4","len":5.37},"geometry":{"type":"LineString","coordinates":[[14.342,48.59942],[13.99895,48.71102],[13.65863,48.82597],[13.32032,48.94319],[12.98345,49.06192],[12.6413,49.17343],[12.27393,49.23934],[11.89425,49.22759],[11.56774,49.10046],[11.21576,49.0091],[10.84459,48.94905],[10.48837,48.85812],[10.14893,48.7423],[9.82194,48.61141],[9.49591,48.47919],[9.15666,48.36226]]}},{"type":"Feature","properties":{"name":"Paran\u00e1 River","scalerank":2,"na":0,"zb":"b4","len":5.4},"geometry":{"type":"LineString","coordinates":[[-60.78615,-31.39539],[-60.52174,-31.15988],[-60.2796,-30.90698],[-60.10414,-30.61799],[-60.05674,-30.29227],[-60.04052,-29.96226],[-60.00499,-29.63235],[-59.93192,-29.30644],[-59.76524,-29.00808],[-59.5797,-28.72392],[-59.50695,-28.39463],[-59.42098,-28.06682],[-59.31343,-27.74303],[-59.16663,-27.43111],[-58.96345,-27.14435]]}},{"type":"Feature","properties":{"name":"Slave","scalerank":2,"na":1,"zb":"b4","len":5.03},"geometry":{"type":"LineString","coordinates":[[-111.01045,59.02489],[-111.04718,59.22126],[-111.08502,59.41645],[-111.13311,59.6099],[-111.21579,59.79911],[-111.36516,59.97622],[-111.61478,60.12178],[-111.87277,60.26325],[-112.09921,60.41694],[-112.31437,60.57381],[-112.51813,60.73353],[-112.70195,60.89807],[-112.81987,61.07453],[-112.91574,61.25314],[-113.16232,61.38869]]}},{"type":"Feature","properties":{"name":"Brahmaputra","scalerank":2,"na":0,"zb":"b4","len":7.46},"geometry":{"type":"LineString","coordinates":[[94.72542,27.84974],[94.46928,27.59017],[94.1833,27.35609],[93.84915,27.18022],[93.4763,27.08799],[93.09238,27.03206],[92.71331,26.95261],[92.33948,26.85565],[91.97682,26.72943],[91.627,26.57666],[91.24504,26.54163],[90.85581,26.55129],[90.46736,26.53055],[90.09488,26.43244],[89.77963,26.23131],[89.54354,25.95422],[89.3699,25.64082],[89.26683,25.3027],[89.23822,24.95128],[89.27752,24.59985],[89.32731,24.24823]]}},{"type":"Feature","properties":{"name":"Lualaba","scalerank":2,"na":0,"zb":"b4","len":5.86},"geometry":{"type":"LineString","coordinates":[[24.14877,0.40601],[24.50025,0.27174],[24.85139,0.13657],[25.11507,-0.07949],[25.06666,-0.45209],[25.13217,-0.82038],[25.29796,-1.15778],[25.39975,-1.51289],[25.40012,-1.88893],[25.39897,-2.26492],[25.43326,-2.63899],[25.48554,-3.00971],[25.51839,-3.3839],[25.58016,-3.75425],[25.69447,-4.11018],[25.89805,-4.42461]]}},{"type":"Feature","properties":{"name":"Irrawaddy","scalerank":2,"na":0,"zb":"b4","len":6.49},"geometry":{"type":"LineString","coordinates":[[95.62776,23.33149],[95.57547,22.97796],[95.55551,22.62081],[95.55686,22.27827],[95.22901,22.08974],[95.0046,21.79808],[94.73543,21.54277],[94.475,21.27621],[94.37248,20.93189],[94.4302,20.57405],[94.54345,20.22612],[94.65977,19.8783],[94.75343,19.52464],[94.73714,19.15921],[94.71203,18.79326],[94.76847,18.43077],[94.94751,18.10547],[95.0636,17.7578]]}},{"type":"Feature","properties":{"name":"Mekong","scalerank":2,"na":0,"zb":"b4","len":5.47},"geometry":{"type":"LineString","coordinates":[[106.29854,14.55193],[106.28961,14.16987],[106.37355,13.79798],[106.36589,13.41444],[106.36449,13.03016],[106.36713,12.64529],[106.30649,12.26563],[106.06667,11.96932],[105.74222,11.77137],[105.42325,11.54708],[105.46089,11.19632],[105.65139,10.85789],[105.89372,10.55182],[106.14294,10.25062]]}},{"type":"Feature","properties":{"name":"Derung-Nmai","scalerank":2,"na":0,"zb":"b4","len":3.72},"geometry":{"type":"LineString","coordinates":[[98.26064,28.68077],[98.50846,28.41643],[98.6297,28.08834],[98.65199,27.74378],[98.59166,27.42269],[98.70074,27.08771],[98.72338,26.73898],[98.66501,26.39205],[98.56917,26.05054],[98.42762,25.72167],[98.18794,25.44443],[97.83044,25.30853],[97.44145,25.34487]]}},{"type":"Feature","properties":{"name":"Saint Lawrence","scalerank":2,"na":1,"zb":"b4","len":1.32},"geometry":{"type":"LineString","coordinates":[[-76.0647,44.70758],[-75.79011,44.88681],[-75.50089,45.05343],[-75.18165,45.18849],[-74.82939,45.27457]]}},{"type":"Feature","properties":{"name":"Ider","scalerank":2,"na":0,"zb":"b4","len":4.46},"geometry":{"type":"LineString","coordinates":[[97.89512,47.73987],[97.5459,47.82925],[97.27738,48.00157],[97.12918,48.23042],[97.1444,48.47659],[97.32918,48.69014],[97.61944,48.84505],[97.96773,48.93397],[98.33949,48.9622],[98.71369,48.94765],[99.08695,48.96282],[99.44592,49.0329],[99.781,49.14276],[100.10645,49.26443],[100.38412,49.42563]]}},{"type":"Feature","properties":{"name":"Damqogkanbab","scalerank":2,"na":0,"zb":"b4","len":5.63},"geometry":{"type":"LineString","coordinates":[[82.46675,30.75302],[82.8508,30.6671],[83.2063,30.51332],[83.553,30.3447],[83.89658,30.17106],[84.24157,29.99924],[84.57451,29.81046],[84.89155,29.6182],[85.28953,29.61364],[85.68324,29.56839],[86.08044,29.54619],[86.47821,29.53282],[86.87608,29.52216],[87.27398,29.51206],[87.67188,29.502]]}},{"type":"Feature","properties":{"name":"Za","scalerank":2,"na":0,"zb":"b4","len":3.29},"geometry":{"type":"LineString","coordinates":[[94.06905,33.49173],[94.46996,33.50417],[94.86645,33.47029],[95.23006,33.33006],[95.57383,33.1571],[95.92415,32.99347],[96.28918,32.85416],[96.62369,32.66889],[96.92519,32.44598],[97.21715,32.21347]]}},{"type":"Feature","properties":{"name":"Congo","scalerank":2,"na":0,"zb":"b4","len":2.93},"geometry":{"type":"LineString","coordinates":[[27.33232,-5.62743],[27.3222,-6.03687],[27.36394,-6.44375],[27.4059,-6.85037],[27.37635,-7.25731],[27.2873,-7.6559],[27.27412,-8.05357],[27.008,-8.35941],[26.67345,-8.59688]]}},{"type":"Feature","properties":{"name":"Chilia branch","scalerank":2,"na":0,"zb":"b4","len":1.06},"geometry":{"type":"LineString","coordinates":[[29.9476,45.48573],[29.61282,45.62692],[29.22499,45.64117],[28.85006,45.56133],[28.52722,45.40945],[28.43632,45.15056],[28.66966,44.93921]]}},{"type":"Feature","properties":{"name":"Sf\u00e2ntu Gheorghe branch","scalerank":2,"na":0,"zb":"b4","len":0.82},"geometry":{"type":"LineString","coordinates":[[29.4897,44.6421],[29.07128,44.77636],[28.67247,44.93797]]}},{"type":"Feature","properties":{"name":"Sulina branch","scalerank":2,"na":0,"zb":"b4","len":0.8},"geometry":{"type":"LineString","coordinates":[[29.65841,44.86761],[29.26046,44.88178],[28.86251,44.89595]]}},{"type":"Feature","properties":{"name":"Borcea","scalerank":2,"na":0,"zb":"b4","len":1.14},"geometry":{"type":"LineString","coordinates":[[28.27462,44.78564],[28.2908,44.50792],[28.11113,44.26192],[27.82148,44.07177],[27.50432,43.90451]]}},{"type":"Feature","properties":{"name":"Yukon","scalerank":3,"na":1,"zb":"b4","len":4.87},"geometry":{"type":"LineString","coordinates":[[-160.36367,62.81333],[-160.28677,62.98524],[-160.17811,63.1526],[-160.04563,63.31551],[-159.89876,63.47502],[-159.74094,63.63156],[-159.5783,63.78627],[-159.41382,63.93977],[-159.24794,64.09213],[-159.07897,64.24301],[-158.90695,64.39243],[-158.73277,64.54057],[-158.55407,64.68692],[-158.36716,64.83059]]}},{"type":"Feature","properties":{"name":"Teslin","scalerank":3,"na":1,"zb":"b4","len":5.28},"geometry":{"type":"LineString","coordinates":[[-131.58556,59.51921],[-131.77055,59.68769],[-131.9658,59.85235],[-132.17072,60.01323],[-132.38323,60.17087],[-132.59883,60.32672],[-132.81632,60.48118],[-133.03578,60.63423],[-133.25627,60.78621],[-133.47754,60.9372],[-133.69982,61.08712],[-133.92162,61.2365],[-134.14322,61.38525],[-134.36461,61.53337],[-134.586,61.68078]]}},{"type":"Feature","properties":{"name":"Amur","scalerank":3,"na":0,"zb":"b4","len":4.64},"geometry":{"type":"LineString","coordinates":[[127.82693,50.45318],[127.67492,50.68976],[127.51273,50.92246],[127.35994,51.15649],[127.22445,51.39348],[127.1013,51.63187],[126.98576,51.87048],[126.86393,52.10663],[126.72629,52.33823],[126.56852,52.56375],[126.38314,52.78016],[126.15736,52.98083],[125.87915,53.15494]]}},{"type":"Feature","properties":{"name":"Indus","scalerank":3,"na":0,"zb":"b4","len":5.09},"geometry":{"type":"LineString","coordinates":[[70.28096,29.42159],[70.35555,29.76319],[70.39287,30.10872],[70.40921,30.45429],[70.41611,30.7989],[70.41447,31.14229],[70.46714,31.48042],[70.57465,31.80881],[70.70134,32.13115],[70.83199,32.45121],[70.97553,32.76618],[71.13889,33.07312],[71.32353,33.37035],[71.53194,33.65544]]}},{"type":"Feature","properties":{"name":"Niger","scalerank":3,"na":0,"zb":"b4","len":5.02},"geometry":{"type":"LineString","coordinates":[[-9.15614,11.82907],[-8.8604,12.08445],[-8.62062,12.3907],[-8.38085,12.69673],[-8.099,12.96622],[-7.7895,13.20508],[-7.45978,13.41658],[-7.10971,13.5939],[-6.73779,13.72244],[-6.37407,13.87153],[-6.02246,14.04618],[-5.67572,14.22969],[-5.3248,14.40538],[-4.9626,14.55757]]}},{"type":"Feature","properties":{"name":"Uele","scalerank":3,"na":0,"zb":"b4","len":4.52},"geometry":{"type":"LineString","coordinates":[[24.86893,3.08071],[24.49016,3.15497],[24.11735,3.25536],[23.7442,3.35455],[23.36568,3.42998],[22.98109,3.46357],[22.60796,3.55723],[22.26053,3.72366],[21.88235,3.79944],[21.50045,3.85653],[21.1212,3.92889],[20.74588,4.019],[20.38712,4.15979]]}},{"type":"Feature","properties":{"name":"Negro","scalerank":3,"na":0,"zb":"b4","len":5.13},"geometry":{"type":"LineString","coordinates":[[-65.47555,0.05428],[-65.08794,0.01694],[-64.6984,0.02621],[-64.3092,0.04706],[-63.91993,0.05422],[-63.53934,-0.02569],[-63.18085,-0.17758],[-62.84147,-0.36889],[-62.51473,-0.58127],[-62.18903,-0.79492],[-61.84233,-0.97265],[-61.4981,-1.15511],[-61.19262,-1.39511],[-60.95315,-1.70179],[-60.73112,-2.02195]]}},{"type":"Feature","properties":{"name":"Darling","scalerank":3,"na":0,"zb":"b4","len":5.83},"geometry":{"type":"LineString","coordinates":[[147.53809,-29.79298],[147.15959,-29.69175],[146.77136,-29.62542],[146.37596,-29.61781],[145.99267,-29.70075],[145.63635,-29.85003],[145.2986,-30.02937],[144.96893,-30.21934],[144.64259,-30.41318],[144.31829,-30.60916],[143.99622,-30.80746],[143.6773,-31.00906],[143.36575,-31.2185],[143.06673,-31.44029],[142.79659,-31.68685],[142.52407,-31.92952],[142.24421,-32.16481]]}},{"type":"Feature","properties":{"name":"Zambezi","scalerank":3,"na":0,"zb":"b4","len":5.66},"geometry":{"type":"LineString","coordinates":[[34.45006,-16.33468],[34.13116,-16.14083],[33.84036,-15.90934],[33.56723,-15.65825],[33.28753,-15.41371],[32.96806,-15.22329],[32.59366,-15.20099],[32.21691,-15.22787],[31.84025,-15.25588],[31.46339,-15.28133],[31.08599,-15.29203],[30.70947,-15.26298],[30.33178,-15.25658],[29.95456,-15.27367],[29.58088,-15.32494],[29.22052,-15.43283],[28.87453,-15.57879]]}},{"type":"Feature","properties":{"name":"Kasai","scalerank":3,"na":0,"zb":"b4","len":4.94},"geometry":{"type":"LineString","coordinates":[[21.41146,-5.14914],[21.3685,-4.75575],[21.20535,-4.39674],[20.91679,-4.1278],[20.5599,-3.95289],[20.18541,-3.81913],[19.8135,-3.67788],[19.44627,-3.52481],[19.07935,-3.37098],[18.70856,-3.2267],[18.33372,-3.09322],[17.95597,-2.96816],[17.57793,-2.84393],[17.20037,-2.71868],[16.80487,-2.69363]]}},{"type":"Feature","properties":{"name":"Yellow","scalerank":3,"na":0,"zb":"b4","len":5.29},"geometry":{"type":"LineString","coordinates":[[113.83048,35.2816],[114.22279,35.2746],[114.56675,35.345],[114.81562,35.59141],[115.0955,35.81472],[115.38295,36.03104],[115.67162,36.24571],[115.96076,36.45937],[116.2505,36.67193],[116.54056,36.88361],[116.83396,37.09174],[117.1351,37.29211],[117.45281,37.47482],[117.80639,37.60819]]}},{"type":"Feature","properties":{"name":"Volga","scalerank":3,"na":0,"zb":"b4","len":4.99},"geometry":{"type":"LineString","coordinates":[[49.51551,55.40138],[49.38783,55.60913],[49.21005,55.80301],[48.95523,55.96669],[48.65348,56.10303],[48.32949,56.22211],[47.98232,56.31868],[47.62044,56.39676],[47.24794,56.45759],[46.86703,56.49916],[46.47967,56.50974],[46.10254,56.46293],[45.73469,56.39534],[45.35294,56.35657],[44.96659,56.34959]]}},{"type":"Feature","properties":{"name":"Madeira","scalerank":3,"na":0,"zb":"b4","len":5.76},"geometry":{"type":"LineString","coordinates":[[-63.33098,-7.78713],[-63.35052,-7.41107],[-63.27662,-7.04359],[-63.06835,-6.72956],[-62.76955,-6.497],[-62.52137,-6.21382],[-62.26062,-5.93959],[-61.96283,-5.70465],[-61.65087,-5.48844],[-61.33344,-5.28012],[-61.01775,-5.06914],[-60.70844,-4.84897],[-60.41788,-4.60501],[-60.14415,-4.34198],[-59.87256,-4.07679],[-59.61569,-3.79718],[-59.36606,-3.511]]}},{"type":"Feature","properties":{"name":"Ganges","scalerank":3,"na":0,"zb":"b4","len":5.38},"geometry":{"type":"LineString","coordinates":[[80.88605,25.62947],[80.55849,25.80946],[80.26966,26.0369],[80.02641,26.30508],[79.79801,26.58299],[79.57438,26.86331],[79.35243,27.14396],[79.07021,27.37494],[78.74851,27.56307],[78.4293,27.75407],[78.14175,27.98006],[77.92663,28.26023],[77.80059,28.58013],[77.72155,28.9107],[77.67377,29.24468],[77.68479,29.57984]]}},{"type":"Feature","properties":{"name":"Argun","scalerank":3,"na":0,"zb":"b4","len":4.94},"geometry":{"type":"LineString","coordinates":[[118.6147,49.57649],[118.95368,49.69525],[119.28851,49.81833],[119.54079,50.00323],[119.61412,50.24316],[119.70041,50.48106],[119.85385,50.70569],[120.02539,50.924],[120.20808,51.13769],[120.40261,51.34623],[120.6148,51.54701],[120.82441,51.74793],[120.99808,51.96034],[121.0967,52.18889],[121.08279,52.42367]]}},{"type":"Feature","properties":{"name":"Grande","scalerank":3,"na":0,"zb":"b4","len":4.7},"geometry":{"type":"LineString","coordinates":[[-63.63799,-19.40902],[-63.29227,-19.22887],[-62.96143,-19.02547],[-62.70501,-18.744],[-62.53839,-18.40534],[-62.43258,-18.04415],[-62.36925,-17.67321],[-62.36709,-17.29732],[-62.49735,-16.94351],[-62.7537,-16.65793],[-63.06939,-16.43093],[-63.39988,-16.22326],[-63.70107,-15.97958],[-64.02495,-15.76267],[-64.3687,-15.57525]]}},{"type":"Feature","properties":{"name":"Orinoco","scalerank":3,"na":0,"zb":"b4","len":5.74},"geometry":{"type":"LineString","coordinates":[[-67.15122,3.40596],[-67.46994,3.60225],[-67.82632,3.74879],[-68.10067,4.01516],[-68.21689,4.38016],[-68.24196,4.76447],[-68.2165,5.14842],[-68.12947,5.52323],[-67.99612,5.8842],[-67.83806,6.23509],[-67.66804,6.5802],[-67.49132,6.9217],[-67.33849,7.27179],[-67.07298,7.54935],[-66.76812,7.78478],[-66.43581,7.98009],[-66.08101,8.1316],[-65.70713,8.22721]]}},{"type":"Feature","properties":{"name":"Columbia","scalerank":3,"na":1,"zb":"b4","len":6.17},"geometry":{"type":"LineString","coordinates":[[-118.19749,51.89489],[-118.1422,51.66098],[-118.00575,51.43536],[-117.85115,51.21317],[-117.689,50.99203],[-117.55982,50.76176],[-117.49658,50.52099],[-117.49659,50.2739],[-117.5417,50.02751],[-117.63767,49.78581],[-117.57104,49.5393],[-117.43957,49.3026],[-117.35385,49.0573],[-117.44557,48.81216],[-117.65016,48.59548],[-117.73988,48.348],[-117.82574,48.0962]]}},{"type":"Feature","properties":{"name":"Ohio","scalerank":3,"na":1,"zb":"b4","len":4.56},"geometry":{"type":"LineString","coordinates":[[-80.57809,39.60838],[-80.7967,39.35978],[-81.0886,39.1609],[-81.40137,38.9813],[-81.65206,38.7492],[-81.87227,38.4977],[-82.12608,38.26909],[-82.49507,38.19462],[-82.85418,38.30818],[-83.22583,38.38101],[-83.61355,38.40987],[-83.98777,38.49498],[-84.34668,38.61428],[-84.70992,38.72306]]}},{"type":"Feature","properties":{"name":"Euphrates","scalerank":3,"na":0,"zb":"b4","len":6.59},"geometry":{"type":"LineString","coordinates":[[44.11925,31.77506],[44.02909,32.08555],[43.94572,32.39638],[43.84422,32.70218],[43.6338,32.9585],[43.30359,33.10733],[42.9476,33.20895],[42.63783,33.38675],[42.37142,33.60879],[42.11454,33.83811],[41.85139,34.06178],[41.5109,34.13918],[41.13608,34.15103],[40.78845,34.26662],[40.50708,34.47154],[40.28409,34.72134],[40.06553,34.97319],[39.82409,35.2099]]}},{"type":"Feature","properties":{"name":"Murray","scalerank":3,"na":0,"zb":"b4","len":5.37},"geometry":{"type":"LineString","coordinates":[[142.85306,-34.97775],[143.08744,-35.23876],[143.31379,-35.50646],[143.60255,-35.72984],[143.91943,-35.92682],[144.21075,-36.14743],[144.54902,-36.31189],[144.94466,-36.32202],[145.32694,-36.23027],[145.71566,-36.26453],[146.09655,-36.36013],[146.49328,-36.39552],[146.8914,-36.41967],[147.28566,-36.3899],[147.68358,-36.38177]]}},{"type":"Feature","properties":{"name":"Blue Nile","scalerank":3,"na":0,"zb":"b4","len":6.65},"geometry":{"type":"LineString","coordinates":[[32.22993,15.33903],[32.52823,15.09448],[32.80163,14.82488],[33.01098,14.50573],[33.17363,14.16098],[33.20285,13.78837],[33.27423,13.41543],[33.47455,13.09204],[33.66391,12.76754],[33.80148,12.41016],[33.95342,12.06059],[34.03501,11.68673],[34.22165,11.35107],[34.48309,11.06628],[34.75132,10.81979],[34.80245,10.43893],[34.95547,10.08709],[35.21877,9.80553]]}},{"type":"Feature","properties":{"name":"Ubangi","scalerank":3,"na":0,"zb":"b4","len":4.35},"geometry":{"type":"LineString","coordinates":[[18.99798,3.70581],[18.99294,3.30398],[18.88113,2.91682],[18.73377,2.54117],[18.58386,2.16641],[18.46248,1.78167],[18.39659,1.3834],[18.31696,0.9879],[18.29487,0.58471],[18.26789,0.18178],[18.2173,-0.21896],[18.1493,-0.61714]]}},{"type":"Feature","properties":{"name":"Shiquan He","scalerank":3,"na":0,"zb":"b4","len":2.78},"geometry":{"type":"LineString","coordinates":[[81.683,31.78985],[81.68514,32.12646],[81.52885,32.43616],[81.22994,32.65936],[80.86222,32.79387],[80.46758,32.85118],[80.06724,32.83103],[79.6704,32.77834]]}},{"type":"Feature","properties":{"name":"Huang","scalerank":3,"na":0,"zb":"b4","len":0.34},"geometry":{"type":"LineString","coordinates":[[97.23767,35.08769],[97.45467,35.29925]]}},{"type":"Feature","properties":{"name":"Lesser Abay","scalerank":3,"na":0,"zb":"b4","len":0.36},"geometry":{"type":"LineString","coordinates":[[37.13041,11.32894],[36.85621,11.55189]]}},{"type":"Feature","properties":{"name":"Shire","scalerank":3,"na":0,"zb":"b4","len":3.68},"geometry":{"type":"LineString","coordinates":[[35.63511,-14.35161],[35.66167,-14.74995],[35.57583,-15.13998],[35.41247,-15.50505],[35.19453,-15.82941],[35.39511,-16.17644],[35.57773,-16.53169],[35.66697,-16.91691],[35.69117,-17.31124],[35.6934,-17.7055]]}},{"type":"Feature","properties":{"name":"Weir","scalerank":3,"na":0,"zb":"b4","len":1.69},"geometry":{"type":"LineString","coordinates":[[151.60449,-28.46887],[151.29193,-28.52586],[150.92849,-28.35979],[150.52237,-28.29992]]}},{"type":"Feature","properties":{"name":"Kibali","scalerank":3,"na":0,"zb":"b4","len":2.45},"geometry":{"type":"LineString","coordinates":[[30.76526,2.25268],[30.80916,2.64403],[30.67424,3.0098],[30.36186,3.24329],[29.99391,3.38747],[29.65138,3.58035],[29.3404,3.82394],[28.97869,3.97779],[28.5844,3.99711]]}},{"type":"Feature","properties":{"name":"Allegheny","scalerank":3,"na":1,"zb":"b4","len":3.63},"geometry":{"type":"LineString","coordinates":[[-77.79419,41.53558],[-78.20007,41.52821],[-78.56903,41.65524],[-78.87324,41.57498],[-79.16401,41.35933],[-79.22756,41.10641],[-79.25182,40.80109],[-79.42867,40.52232],[-79.66516,40.26793]]}},{"type":"Feature","properties":{"name":"Barwon","scalerank":3,"na":0,"zb":"b4","len":3.74},"geometry":{"type":"LineString","coordinates":[[150.51385,-28.29901],[150.12437,-28.26149],[149.73342,-28.25979],[149.35526,-28.34557],[149.01674,-28.51725],[148.72194,-28.7432],[148.48088,-29.01266],[148.28809,-29.31026],[148.01666,-29.5516],[147.65711,-29.68535],[147.28599,-29.79444]]}},{"type":"Feature","properties":{"name":"Mamor\u00e9","scalerank":3,"na":0,"zb":"b4","len":4.2},"geometry":{"type":"LineString","coordinates":[[-65.38361,-11.72349],[-65.52543,-12.06692],[-65.524,-12.4381],[-65.48086,-12.80716],[-65.54325,-13.17156],[-65.62307,-13.53335],[-65.59998,-13.9013],[-65.47448,-14.24967],[-65.39991,-14.60878],[-65.39101,-14.97682],[-65.31838,-15.33726],[-65.18571,-15.68113],[-65.03157,-16.01635]]}},{"type":"Feature","properties":{"name":"Niagara","scalerank":3,"na":1,"zb":"b4","len":0.24},"geometry":{"type":"LineString","coordinates":[[-79.46803,43.11456],[-79.46123,43.28654]]}},{"type":"Feature","properties":{"name":"St. Clair","scalerank":3,"na":1,"zb":"b4","len":0.67},"geometry":{"type":"LineString","coordinates":[[-83.02302,42.65938],[-82.79512,43.11793]]}},{"type":"Feature","properties":{"name":"Guapor\u00e9","scalerank":3,"na":0,"zb":"b4","len":1.62},"geometry":{"type":"LineString","coordinates":[[-65.79769,-10.39326],[-65.79205,-10.83549],[-65.7368,-11.27324],[-65.5877,-11.68852],[-65.3928,-12.08544]]}},{"type":"Feature","properties":{"name":"Shatt al-Arab","scalerank":3,"na":0,"zb":"b4","len":1.61},"geometry":{"type":"LineString","coordinates":[[48.19819,29.78802],[47.96107,30.05439],[47.63811,30.2476],[47.37063,30.49521],[47.14017,30.76912]]}},{"type":"Feature","properties":{"name":"Aldan","scalerank":4,"na":0,"zb":"b4","len":4.97},"geometry":{"type":"LineString","coordinates":[[131.73984,58.77568],[132.06781,58.88794],[132.39957,58.99684],[132.73421,59.10302],[133.05682,59.21797],[133.34083,59.35664],[133.60236,59.50592],[133.85245,59.65954],[134.09506,59.81548],[134.33341,59.97235],[134.56983,60.12921],[134.80471,60.2859],[135.03735,60.44265],[135.26661,60.59986]]}},{"type":"Feature","properties":{"name":"Yenisey","scalerank":4,"na":0,"zb":"b4","len":5.78},"geometry":{"type":"LineString","coordinates":[[91.90997,58.35239],[91.70145,58.51576],[91.49969,58.68067],[91.30245,58.84627],[91.10871,59.01218],[90.91856,59.1784],[90.73232,59.34496],[90.55073,59.51203],[90.37474,59.67981],[90.21035,59.84972],[90.0529,60.02042],[89.90254,60.19181],[89.76069,60.36408],[89.62827,60.53727],[89.50922,60.71184],[89.41473,60.88896],[89.38275,61.07015]]}},{"type":"Feature","properties":{"name":"Ural","scalerank":4,"na":0,"zb":"b4","len":4.62},"geometry":{"type":"LineString","coordinates":[[57.27878,51.52166],[56.89827,51.60092],[56.51936,51.68292],[56.14473,51.77198],[55.77118,51.8626],[55.38302,51.92248],[54.98327,51.94034],[54.58311,51.92361],[54.1878,51.88139],[53.79586,51.82826],[53.40406,51.7746],[53.01017,51.72715],[52.61455,51.68547]]}},{"type":"Feature","properties":{"name":"Sukhona","scalerank":4,"na":0,"zb":"b4","len":5.9},"geometry":{"type":"LineString","coordinates":[[46.22307,60.9367],[45.84679,60.88116],[45.47051,60.82553],[45.09561,60.76763],[44.7255,60.70276],[44.36269,60.62856],[44.00973,60.54349],[43.67002,60.44604],[43.34344,60.33786],[43.0223,60.22535],[42.7079,60.10785],[42.39752,59.98732],[42.08642,59.86681],[41.76535,59.75281],[41.4188,59.65942],[41.04836,59.59349]]}},{"type":"Feature","properties":{"name":"Kolyma","scalerank":4,"na":0,"zb":"b4","len":5.34},"geometry":{"type":"LineString","coordinates":[[151.61816,66.6509],[151.86222,66.77326],[152.09906,66.89722],[152.33296,67.02141],[152.5786,67.14146],[152.83775,67.2565],[153.11828,67.36319],[153.42208,67.4595],[153.749,67.54357],[154.09739,67.61367],[154.4603,67.67186],[154.84085,67.71066],[155.22523,67.74369],[155.6035,67.78548],[155.96513,67.84437]]}},{"type":"Feature","properties":{"name":"Grande","scalerank":4,"na":1,"zb":"b4","len":4.6},"geometry":{"type":"LineString","coordinates":[[-107.48206,32.57074],[-107.27905,32.30031],[-107.1111,32.01178],[-106.94508,31.7221],[-106.70583,31.47067],[-106.43066,31.24722],[-106.15017,31.02782],[-105.86771,30.80979],[-105.58061,30.5958],[-105.29569,30.38149],[-105.11368,30.09384],[-104.97172,29.78847],[-104.79682,29.49588]]}},{"type":"Feature","properties":{"name":"Negro","scalerank":4,"na":0,"zb":"b4","len":5.02},"geometry":{"type":"LineString","coordinates":[[-67.05439,-38.79845],[-66.67923,-38.80959],[-66.30518,-38.83147],[-65.93965,-38.89752],[-65.60385,-39.02481],[-65.33179,-39.22411],[-65.09116,-39.44605],[-64.77384,-39.59944],[-64.43665,-39.72653],[-64.1144,-39.87442],[-63.80901,-40.04173],[-63.51718,-40.22234],[-63.22834,-40.40529],[-62.9355,-40.58401],[-62.63773,-40.7575]]}},{"type":"Feature","properties":{"name":"Magdalena","scalerank":4,"na":0,"zb":"b4","len":6.63},"geometry":{"type":"LineString","coordinates":[[-75.21005,2.24644],[-75.03593,2.58907],[-74.88352,2.9419],[-74.74004,3.29835],[-74.60518,3.658],[-74.48813,4.0236],[-74.40606,4.39814],[-74.36435,4.77936],[-74.31667,5.15968],[-74.26041,5.53861],[-74.18911,5.91475],[-74.06334,6.27449],[-73.81535,6.56405],[-73.61502,6.88745],[-73.5091,7.25395],[-73.45121,7.63096],[-73.40904,8.00957],[-73.42541,8.38917],[-73.50365,8.76157]]}},{"type":"Feature","properties":{"name":"Pechora","scalerank":4,"na":0,"zb":"b4","len":5.7},"geometry":{"type":"LineString","coordinates":[[52.87409,66.33103],[52.84935,66.48535],[52.81448,66.63841],[52.77583,66.79039],[52.7359,66.94139],[52.69414,67.09138],[52.65079,67.24038],[52.60687,67.38842],[52.70069,67.52227],[53.06626,67.56701],[53.38567,67.64895],[53.65729,67.75302],[53.90502,67.86498],[54.14483,67.97885],[54.38118,68.09318]]}},{"type":"Feature","properties":{"name":"Arkansas","scalerank":4,"na":1,"zb":"b4","len":6.21},"geometry":{"type":"LineString","coordinates":[[-104.93797,38.04573],[-104.56754,37.95762],[-104.19797,37.8672],[-103.8261,37.7831],[-103.44155,37.754],[-103.05487,37.76361],[-102.66826,37.7731],[-102.2841,37.73931],[-101.9038,37.68308],[-101.52039,37.64228],[-101.13457,37.61965],[-100.75101,37.58122],[-100.37416,37.51217],[-99.99386,37.45947],[-99.60795,37.47293],[-99.2524,37.58918],[-98.9602,37.78856],[-98.67153,37.99089]]}},{"type":"Feature","properties":{"name":"Dnieper","scalerank":4,"na":0,"zb":"b4","len":5.9},"geometry":{"type":"LineString","coordinates":[[30.03831,54.43824],[29.95942,54.22471],[29.93455,54.00536],[29.93654,53.78424],[29.93629,53.56196],[29.89813,53.34003],[29.78553,53.12605],[29.76327,52.90231],[29.84607,52.68139],[29.97918,52.46826],[30.12934,52.25826],[30.24283,52.03907],[30.28414,51.80966],[30.23648,51.57913],[30.17064,51.34901],[30.12883,51.11558],[30.11383,50.87966]]}},{"type":"Feature","properties":{"name":"Salween","scalerank":4,"na":0,"zb":"b4","len":5.91},"geometry":{"type":"LineString","coordinates":[[97.61397,30.17277],[97.80559,29.88671],[98.02501,29.61531],[98.26155,29.35403],[98.49102,29.08738],[98.68871,28.80155],[98.82253,28.48802],[98.94918,28.17104],[99.09649,27.85979],[99.19652,27.5335],[99.25062,27.19769],[99.27453,26.85798],[99.28496,26.51666],[99.28711,26.1742],[99.28501,25.83072],[99.28728,25.48625],[99.30384,25.14115]]}},{"type":"Feature","properties":{"name":"Oder","scalerank":4,"na":0,"zb":"b4","len":4.59},"geometry":{"type":"LineString","coordinates":[[18.61959,49.91292],[18.57145,50.16166],[18.45891,50.40088],[18.31546,50.63198],[18.11694,50.84484],[17.86334,51.03185],[17.55854,51.18522],[17.2315,51.31924],[16.89098,51.43916],[16.70183,51.64025],[16.50567,51.84814],[16.23961,52.02457],[15.92277,52.16403],[15.56033,52.25275]]}},{"type":"Feature","properties":{"name":"Seine","scalerank":4,"na":0,"zb":"b4","len":5.22},"geometry":{"type":"LineString","coordinates":[[5.08645,47.66909],[4.9449,47.91673],[4.7587,48.14939],[4.53507,48.3661],[4.2688,48.55882],[3.93089,48.69216],[3.54262,48.72801],[3.15096,48.6955],[2.84996,48.82549],[2.57666,49.01181],[2.25249,49.15932],[1.90846,49.28609],[1.5584,49.40536],[1.20515,49.52034],[0.85039,49.63307]]}},{"type":"Feature","properties":{"name":"Benue","scalerank":4,"na":0,"zb":"b4","len":5.08},"geometry":{"type":"LineString","coordinates":[[12.75552,8.90873],[12.3619,8.94581],[11.97582,9.03197],[11.59838,8.92824],[11.28621,8.68934],[10.97865,8.44338],[10.61003,8.30325],[10.27324,8.09817],[9.9366,7.89112],[9.58424,7.71115],[9.21814,7.56171],[8.83144,7.47763],[8.4358,7.4725],[8.04484,7.53636]]}},{"type":"Feature","properties":{"name":"Tigris","scalerank":4,"na":0,"zb":"b4","len":5.45},"geometry":{"type":"LineString","coordinates":[[41.19715,38.09358],[41.58325,38.04801],[41.94749,37.94145],[42.20317,37.71446],[42.43107,37.46632],[42.71543,37.25362],[42.99675,37.03789],[43.23575,36.7914],[43.42294,36.51664],[43.57467,36.22702],[43.68361,35.92431],[43.69834,35.60845],[43.82079,35.3103],[43.96639,35.01417],[44.09103,34.71055],[44.2214,34.40789]]}},{"type":"Feature","properties":{"name":"Araguaia","scalerank":4,"na":0,"zb":"b4","len":6.06},"geometry":{"type":"LineString","coordinates":[[-51.40314,-14.41913],[-51.3047,-14.05508],[-51.2173,-13.68762],[-51.10567,-13.32595],[-50.97483,-12.96976],[-51.04288,-12.6099],[-51.08715,-12.23319],[-51.0985,-11.85349],[-51.08241,-11.47342],[-51.039,-11.09492],[-50.96083,-10.7214],[-50.84792,-10.35607],[-50.71344,-9.99741],[-50.56596,-9.64328],[-50.40601,-9.29409],[-50.22947,-8.95261],[-50.00506,-8.63995]]}},{"type":"Feature","properties":{"name":"Tocantins","scalerank":4,"na":0,"zb":"b4","len":6.63},"geometry":{"type":"LineString","coordinates":[[-47.76972,-13.27126],[-47.79853,-12.89369],[-47.89015,-12.52571],[-48.01155,-12.1649],[-48.13154,-11.80314],[-48.15426,-11.43457],[-48.09987,-11.05712],[-48.06542,-10.67679],[-48.0359,-10.29557],[-48.00284,-9.91418],[-47.95533,-9.53388],[-47.85875,-9.16299],[-47.7879,-8.78599],[-47.74612,-8.40442],[-47.56621,-8.06613],[-47.33104,-7.75955],[-47.15089,-7.41963],[-47.11437,-7.03781]]}},{"type":"Feature","properties":{"name":"Rhine","scalerank":4,"na":0,"zb":"b4","len":5.11},"geometry":{"type":"LineString","coordinates":[[8.27915,48.53306],[8.48245,48.75305],[8.67371,48.97688],[8.79742,49.21828],[8.81822,49.47149],[8.75995,49.72156],[8.65301,49.96355],[8.44562,50.17211],[8.1241,50.30766],[7.87716,50.50029],[7.65328,50.70329],[7.4551,50.91579],[7.28984,51.13819],[7.15383,51.36725],[7.0064,51.59231]]}},{"type":"Feature","properties":{"name":"Northern Dvina","scalerank":4,"na":0,"zb":"b4","len":8.58},"geometry":{"type":"LineString","coordinates":[[45.94768,60.79268],[46.0328,60.97511],[46.06118,61.15767],[45.8749,61.31763],[45.6081,61.45002],[45.3319,61.57752],[45.07522,61.71338],[44.85246,61.86131],[44.65379,62.01603],[44.39541,62.14693],[44.05093,62.2264],[43.72389,62.32033],[43.40919,62.42271],[43.10042,62.52856],[42.79701,62.63726],[42.50317,62.75095],[42.22451,62.87193],[41.9642,63.00058],[41.72623,63.13725],[41.52187,63.28391],[41.35513,63.43904],[41.23717,63.60201],[41.18522,63.77065]]}},{"type":"Feature","properties":{"name":"La Grande","scalerank":4,"na":1,"zb":"b4","len":6.43},"geometry":{"type":"LineString","coordinates":[[-72.43865,53.95427],[-72.79793,54.02956],[-73.1711,54.07461],[-73.55184,54.07857],[-73.92674,54.04004],[-74.28766,53.96721],[-74.64801,53.89352],[-75.02881,53.89616],[-75.40899,53.91554],[-75.78987,53.92943],[-76.17139,53.93362],[-76.55295,53.93074],[-76.93448,53.92833],[-77.26985,54.01728],[-77.64592,54.04632],[-78.02654,54.03092],[-78.40733,54.01932],[-78.78399,54.0534]]}},{"type":"Feature","properties":{"name":"Senegal","scalerank":4,"na":0,"zb":"b4","len":5.87},"geometry":{"type":"LineString","coordinates":[[-10.56681,14.00712],[-10.79951,14.31513],[-11.05948,14.60107],[-11.37037,14.83327],[-11.71761,15.01258],[-12.05884,15.20217],[-12.38671,15.41243],[-12.6857,15.65787],[-12.92092,15.96175],[-13.16616,16.25745],[-13.47979,16.48128],[-13.81809,16.65359],[-14.1367,16.87302],[-14.50805,16.99467],[-14.89949,17.02981],[-15.29001,16.98758],[-15.67589,16.91307]]}},{"type":"Feature","properties":{"name":"Snake","scalerank":4,"na":1,"zb":"b4","len":5.09},"geometry":{"type":"LineString","coordinates":[[-119.29723,46.41779],[-119.00651,46.588],[-118.69223,46.73615],[-118.34434,46.84211],[-117.97153,46.89651],[-117.59078,46.90872],[-117.21693,46.86206],[-116.90207,46.71947],[-116.68176,46.50677],[-116.5649,46.25652],[-116.38655,46.02391],[-116.24026,45.78013],[-116.22872,45.51443],[-116.30615,45.25225],[-116.43172,44.99805],[-116.56898,44.74568],[-116.68061,44.48613]]}},{"type":"Feature","properties":{"name":"Vaal","scalerank":4,"na":0,"zb":"b4","len":4.6},"geometry":{"type":"LineString","coordinates":[[28.87877,-26.66101],[28.50566,-26.61038],[28.18055,-26.44088],[27.80736,-26.41393],[27.43968,-26.49584],[27.06753,-26.55221],[26.70029,-26.62805],[26.37555,-26.80107],[26.09406,-27.02706],[25.83276,-27.27005],[25.47354,-27.37689],[25.14304,-27.54131],[24.83283,-27.73448],[24.54271,-27.94999]]}},{"type":"Feature","properties":{"name":"S\u00e3o Francisco","scalerank":4,"na":0,"zb":"b4","len":8.14},"geometry":{"type":"LineString","coordinates":[[-44.67879,-15.27083],[-44.47912,-14.96104],[-44.32613,-14.62535],[-44.18888,-14.28283],[-44.06041,-13.93656],[-43.94311,-13.58609],[-43.85782,-13.2268],[-43.78636,-12.86448],[-43.6803,-12.51432],[-43.70407,-12.1445],[-43.72336,-11.77396],[-43.68313,-11.40511],[-43.54009,-11.06211],[-43.32348,-10.75661],[-43.07932,-10.47114],[-42.84399,-10.17844],[-42.6394,-9.86391],[-42.39245,-9.58195],[-42.06468,-9.397],[-41.69497,-9.3147],[-41.32715,-9.22643],[-40.97229,-9.09409],[-40.60518,-9.0012]]}},{"type":"Feature","properties":{"name":"Orange","scalerank":4,"na":0,"zb":"b4","len":5.37},"geometry":{"type":"LineString","coordinates":[[23.57781,-29.57388],[23.84848,-29.8208],[24.14629,-30.04261],[24.44965,-30.25802],[24.7169,-30.50606],[25.01824,-30.72265],[25.36158,-30.88345],[25.74853,-30.92381],[26.14047,-30.9305],[26.5302,-30.97099],[26.91975,-30.93937],[27.27944,-30.80736],[27.63953,-30.68936],[27.99207,-30.55241],[28.32434,-30.38449],[28.70167,-30.29869]]}},{"type":"Feature","properties":{"name":"Saskatchewan","scalerank":4,"na":1,"zb":"b4","len":7.8},"geometry":{"type":"LineString","coordinates":[[-105.03586,52.99967],[-104.65954,53.01664],[-104.28707,53.05168],[-103.94142,53.14116],[-103.64892,53.28297],[-103.33163,53.40467],[-103.04768,53.55194],[-102.80784,53.72397],[-102.44839,53.74845],[-102.07125,53.7545],[-101.69565,53.74762],[-101.38673,53.62236],[-101.0768,53.49508],[-100.72892,53.40857],[-100.43806,53.28162],[-100.18669,53.1133],[-99.8681,52.99305],[-99.50511,52.93512],[-99.13185,52.95509],[-98.7804,53.03783],[-98.43271,53.12594],[-98.08537,53.2144]]}},{"type":"Feature","properties":{"name":"North Saskatchewan","scalerank":4,"na":1,"zb":"b4","len":10.13},"geometry":{"type":"LineString","coordinates":[[-114.58531,52.9952],[-114.26757,53.11573],[-113.89288,53.14341],[-113.54713,53.23228],[-113.25317,53.37421],[-112.99537,53.53918],[-112.73549,53.70231],[-112.41193,53.77805],[-112.07089,53.68095],[-111.72102,53.59648],[-111.34682,53.56676],[-110.96864,53.57558],[-110.5965,53.54203],[-110.24899,53.45332],[-109.9279,53.33442],[-109.63464,53.19143],[-109.36079,53.03466],[-109.09729,52.87093],[-108.83657,52.70497],[-108.55797,52.54956],[-108.25729,52.41021],[-107.93956,52.28457],[-107.60768,52.17355],[-107.24452,52.11413],[-106.89012,52.18082],[-106.62249,52.3438],[-106.39248,52.52702],[-106.16917,52.7125]]}},{"type":"Feature","properties":{"name":"Verkhniy Yenisey","scalerank":4,"na":0,"zb":"b4","len":9.38},"geometry":{"type":"LineString","coordinates":[[93.34618,58.20642],[93.51571,58.02939],[93.61108,57.83632],[93.66437,57.63751],[93.70751,57.43686],[93.757,57.23556],[93.83666,57.03612],[93.95889,56.8423],[94.02747,56.64036],[93.96718,56.43644],[93.80449,56.2491],[93.58883,56.07761],[93.31601,55.93328],[92.99164,55.82734],[92.75556,55.69739],[92.75367,55.48521],[92.62699,55.28588],[92.37436,55.12855],[92.05665,55.01418],[91.72074,54.91686],[91.44266,54.78204],[91.54588,54.57468],[91.71167,54.37846],[91.85108,54.17452],[91.92398,53.95866],[92.01588,53.74595]]}},{"type":"Feature","properties":{"name":"Xi","scalerank":4,"na":0,"zb":"b4","len":1.62},"geometry":{"type":"LineString","coordinates":[[111.03959,23.20037],[111.33993,22.97254],[111.68427,22.80792],[112.06564,22.74192],[112.45473,22.74792],[112.84262,22.77923]]}},{"type":"Feature","properties":{"name":"Paran\u00e1","scalerank":4,"na":0,"zb":"b4","len":1.55},"geometry":{"type":"LineString","coordinates":[[-53.87004,-24.12551],[-53.93904,-24.50762],[-54.01109,-24.88809],[-54.09781,-25.2648],[-54.26336,-25.61584]]}},{"type":"Feature","properties":{"name":"Shishged","scalerank":4,"na":0,"zb":"b4","len":2.95},"geometry":{"type":"LineString","coordinates":[[98.77515,50.37208],[99.15141,50.39067],[99.46478,50.5259],[99.66654,50.73058],[99.80434,50.95442],[99.84823,51.19195],[99.79483,51.427],[99.55019,51.6006],[99.18475,51.66508],[98.80761,51.7008],[98.4294,51.73194],[98.0509,51.76172]]}},{"type":"Feature","properties":{"name":"Parana\u00edba","scalerank":4,"na":0,"zb":"b4","len":4.98},"geometry":{"type":"LineString","coordinates":[[-50.81992,-18.80319],[-50.58799,-18.51591],[-50.26559,-18.32676],[-49.89282,-18.2498],[-49.51407,-18.20226],[-49.19263,-18.01033],[-48.81681,-17.95451],[-48.43452,-17.95714],[-48.05701,-18.00954],[-47.70311,-17.88743],[-47.32476,-17.84509],[-46.94866,-17.90496],[-46.59863,-18.0467],[-46.33353,-18.30424],[-46.18984,-18.63942],[-45.98936,-18.94616]]}},{"type":"Feature","properties":{"name":"Bafing","scalerank":4,"na":0,"zb":"b4","len":4.29},"geometry":{"type":"LineString","coordinates":[[-11.89138,10.24514],[-11.55015,10.44759],[-11.28742,10.73986],[-11.04186,11.04618],[-10.72338,11.27116],[-10.41768,11.5202],[-10.16804,11.82426],[-9.97719,12.16612],[-9.86976,12.54042],[-9.87437,12.92752],[-10.03297,13.28053],[-10.33334,13.5308],[-10.49648,13.84662]]}},{"type":"Feature","properties":{"name":"Indai\u00e1","scalerank":4,"na":0,"zb":"b4","len":2.13},"geometry":{"type":"LineString","coordinates":[[-46.55063,-20.69497],[-46.17697,-20.72111],[-45.81991,-20.62516],[-45.52686,-20.40736],[-45.27962,-20.14286],[-45.07252,-19.84898],[-44.89598,-19.53722],[-44.72868,-19.22028]]}},{"type":"Feature","properties":{"name":"Neuqu\u00e9n","scalerank":4,"na":0,"zb":"b4","len":4.65},"geometry":{"type":"LineString","coordinates":[[-70.40923,-36.46452],[-70.32953,-36.78005],[-70.25983,-37.09572],[-69.95976,-37.30025],[-69.67276,-37.52128],[-69.46837,-37.79363],[-69.31971,-38.08734],[-69.0394,-38.15796],[-68.64417,-38.16542],[-68.29434,-38.31581],[-68.00365,-38.53179],[-67.72483,-38.75704]]}},{"type":"Feature","properties":{"name":"Little Yenisei","scalerank":4,"na":0,"zb":"b4","len":3.73},"geometry":{"type":"LineString","coordinates":[[98.13414,51.27748],[97.7553,51.19537],[97.36581,51.13704],[96.96757,51.10877],[96.56705,51.09749],[96.16663,51.08528],[95.76934,51.08231],[95.4127,51.19081],[95.0675,51.31653],[94.69661,51.41149],[94.32186,51.50028]]}},{"type":"Feature","properties":{"name":"Nederrijn","scalerank":4,"na":0,"zb":"b4","len":0.72},"geometry":{"type":"LineString","coordinates":[[5.41303,52.20497],[6.12053,52.11466]]}},{"type":"Feature","properties":{"name":"Lek","scalerank":4,"na":0,"zb":"b4","len":1.25},"geometry":{"type":"LineString","coordinates":[[4.10118,52.24086],[4.51658,52.23056],[4.93198,52.22025],[5.34738,52.20993]]}},{"type":"Feature","properties":{"name":"Shatt al-Hayy","scalerank":4,"na":0,"zb":"b4","len":1.93},"geometry":{"type":"LineString","coordinates":[[45.96991,31.02248],[45.80779,31.33934],[45.67511,31.6731],[45.58443,32.01541],[45.45447,32.34205]]}},{"type":"Feature","properties":{"name":"Hongshui","scalerank":4,"na":0,"zb":"b4","len":3.63},"geometry":{"type":"LineString","coordinates":[[106.59148,25.04876],[106.81436,24.77399],[107.00814,24.47909],[107.14298,24.1644],[107.24517,23.83673],[107.4973,23.58106],[107.84156,23.44763],[108.21276,23.48862],[108.55067,23.51418],[108.89367,23.37223],[109.26879,23.35663],[109.63537,23.44112]]}},{"type":"Feature","properties":{"name":"Qianjiang","scalerank":4,"na":0,"zb":"b4","len":0.74},"geometry":{"type":"LineString","coordinates":[[109.9794,23.04937],[109.50267,23.23622],[109.18175,23.60997]]}},{"type":"Feature","properties":{"name":"Xunjiang","scalerank":4,"na":0,"zb":"b4","len":1.21},"geometry":{"type":"LineString","coordinates":[[110.0576,23.77544],[110.46478,23.8048],[110.87237,23.82892],[111.28025,23.84856]]}},{"type":"Feature","properties":{"name":"Waal","scalerank":4,"na":0,"zb":"b4","len":1.03},"geometry":{"type":"LineString","coordinates":[[3.90106,51.60338],[4.31504,51.55397],[4.73398,51.5314],[5.1402,51.59368]]}},{"type":"Feature","properties":{"name":"Java\u00e9s","scalerank":4,"na":0,"zb":"b4","len":3.35},"geometry":{"type":"LineString","coordinates":[[-49.80877,-9.56697],[-49.66355,-9.90816],[-49.59168,-10.27077],[-49.55793,-10.63869],[-49.54065,-11.00732],[-49.53578,-11.37581],[-49.56004,-11.74303],[-49.62427,-12.10498],[-49.74579,-12.45178],[-49.93986,-12.76513],[-50.15217,-13.06728]]}},{"type":"Feature","properties":{"name":"Nanpan","scalerank":4,"na":0,"zb":"b4","len":5.4},"geometry":{"type":"LineString","coordinates":[[103.52919,25.95781],[103.46246,25.62732],[103.36354,25.3315],[103.00954,25.24451],[102.78104,24.98196],[102.69808,24.65314],[102.70658,24.31409],[102.75804,23.97676],[102.89087,23.66147],[103.20132,23.48333],[103.56623,23.52219],[103.87744,23.70279],[104.08659,23.97672],[104.39793,24.16482],[104.69945,24.36516],[105.06133,24.4409],[105.39385,24.51023]]}},{"type":"Feature","properties":{"name":"Ebro","scalerank":5,"na":0,"zb":"b4","len":4.66},"geometry":{"type":"LineString","coordinates":[[-4.05959,43.28905],[-3.68928,43.19504],[-3.32486,43.08933],[-2.96517,42.9751],[-2.6083,42.85598],[-2.25446,42.73187],[-1.90933,42.595],[-1.57352,42.44575],[-1.25007,42.28195],[-0.93811,42.10592],[-0.63461,41.92138],[-0.32243,41.74459],[0.01721,41.59916]]}},{"type":"Feature","properties":{"name":"Tobol","scalerank":5,"na":0,"zb":"b4","len":5.03},"geometry":{"type":"LineString","coordinates":[[64.51948,54.82124],[64.6308,55.03708],[64.77689,55.24491],[64.94609,55.44598],[65.12175,55.64428],[65.30128,55.84048],[65.47993,56.03595],[65.65466,56.23152],[65.80391,56.43249],[65.9386,56.6355],[66.07164,56.83764],[66.24801,57.02844],[66.46096,57.20696],[66.63081,57.39764]]}},{"type":"Feature","properties":{"name":"Indigirka","scalerank":5,"na":0,"zb":"b4","len":6.55},"geometry":{"type":"LineString","coordinates":[[147.05323,69.24547],[147.06267,69.37948],[147.06848,69.51268],[147.07223,69.64507],[147.08045,69.77661],[147.09493,69.90726],[147.12454,70.0368],[147.16848,70.16507],[147.24127,70.291],[147.34087,70.41409],[147.48368,70.53142],[147.68078,70.63905],[147.91682,70.73717],[148.18599,70.8251],[148.47519,70.90557],[148.77282,70.9824],[149.06971,71.05921],[149.35359,71.14067],[149.61308,71.22985]]}},{"type":"Feature","properties":{"name":"Amu Darya","scalerank":5,"na":0,"zb":"b4","len":6.68},"geometry":{"type":"LineString","coordinates":[[68.0814,36.71721],[67.7173,36.81743],[67.35213,36.91497],[66.98085,36.99604],[66.60203,37.04998],[66.2225,37.10065],[65.85379,37.18811],[65.50447,37.31635],[65.171,37.46898],[64.8542,37.6423],[64.55291,37.83182],[64.26269,38.03125],[63.99374,38.24776],[63.75657,38.48531],[63.51115,38.71607],[63.21304,38.90564],[62.91398,39.09389],[62.64185,39.30467],[62.40292,39.53765]]}},{"type":"Feature","properties":{"name":"Japur\u00e1","scalerank":5,"na":0,"zb":"b4","len":5.49},"geometry":{"type":"LineString","coordinates":[[-75.93636,0.55005],[-75.59213,0.36321],[-75.28844,0.11417],[-74.99046,-0.14194],[-74.67704,-0.37882],[-74.34495,-0.58876],[-73.9917,-0.7596],[-73.61323,-0.86364],[-73.22758,-0.93901],[-72.83939,-0.99967],[-72.44755,-1.01965],[-72.08356,-1.12642],[-71.74207,-1.32074],[-71.38704,-1.48887],[-71.02139,-1.6326]]}},{"type":"Feature","properties":{"name":"Fraser","scalerank":5,"na":1,"zb":"b4","len":5.33},"geometry":{"type":"LineString","coordinates":[[-122.0703,52.79242],[-122.00829,52.55673],[-121.95772,52.31874],[-121.91905,52.07869],[-121.94398,51.83711],[-121.86018,51.60076],[-121.72682,51.37013],[-121.59325,51.13837],[-121.49856,50.89883],[-121.44114,50.65319],[-121.33512,50.41224],[-121.22288,50.17118],[-121.12583,49.92626],[-121.0702,49.67498],[-121.115,49.42271]]}},{"type":"Feature","properties":{"name":"Thelon","scalerank":5,"na":1,"zb":"b4","len":5.38},"geometry":{"type":"LineString","coordinates":[[-102.58855,64.39188],[-102.2748,64.47951],[-101.96734,64.57132],[-101.64169,64.65027],[-101.29501,64.71017],[-100.92877,64.74145],[-100.55493,64.74469],[-100.18179,64.73187],[-99.80928,64.7159],[-99.43643,64.70144],[-99.06248,64.69932],[-98.71744,64.75434],[-98.38215,64.82463],[-98.02003,64.86472],[-97.65052,64.88811],[-97.27776,64.88052]]}},{"type":"Feature","properties":{"name":"Vistula","scalerank":5,"na":0,"zb":"b4","len":5.76},"geometry":{"type":"LineString","coordinates":[[19.63739,49.75347],[20.00369,49.80344],[20.36538,49.86571],[20.71947,49.94388],[21.06181,50.04097],[21.39101,50.15525],[21.69635,50.29346],[21.95354,50.46528],[22.10745,50.68112],[22.1808,50.91288],[22.20475,51.14774],[22.16786,51.38027],[22.06945,51.60494],[21.91827,51.81688],[21.72697,52.01523],[21.50157,52.19873],[21.2503,52.36833],[20.96871,52.51847],[20.65094,52.63825]]}},{"type":"Feature","properties":{"name":"Naryn","scalerank":5,"na":0,"zb":"b4","len":5.19},"geometry":{"type":"LineString","coordinates":[[77.25178,41.83185],[76.86305,41.79796],[76.47266,41.77611],[76.08186,41.75856],[75.69089,41.74349],[75.29974,41.7311],[74.90843,41.72239],[74.51759,41.73667],[74.17649,41.85639],[73.83254,41.99248],[73.45198,42.05922],[73.06142,42.06934],[72.6743,42.03006],[72.36095,41.86412],[72.10775,41.64143]]}},{"type":"Feature","properties":{"name":"Syr Dar","scalerank":5,"na":0,"zb":"b4","len":5.73},"geometry":{"type":"LineString","coordinates":[[68.62141,42.08408],[68.66442,42.37323],[68.64183,42.66163],[68.52791,42.93709],[68.35608,43.19511],[68.14908,43.43805],[67.91583,43.66721],[67.66321,43.88452],[67.38662,44.08518],[67.06245,44.24277],[66.71348,44.36184],[66.45805,44.57476],[66.20548,44.7888],[65.92807,44.98582],[65.60836,45.1464],[65.25205,45.26156],[64.87666,45.34323]]}},{"type":"Feature","properties":{"name":"Nizhnyaya Tunguska","scalerank":5,"na":0,"zb":"b4","len":10.2},"geometry":{"type":"LineString","coordinates":[[107.25202,58.07144],[107.59395,58.1521],[107.8595,58.29062],[107.97378,58.47543],[107.97544,58.67141],[107.92965,58.8651],[107.87292,59.05694],[107.79666,59.24577],[107.68727,59.42941],[107.586,59.61321],[107.52259,59.80028],[107.47603,59.9876],[107.45072,60.17483],[107.44758,60.36146],[107.45583,60.54701],[107.47138,60.73139],[107.4924,60.91459],[107.51758,61.09662],[107.54753,61.27744],[107.58299,61.45699],[107.62529,61.63518],[107.67626,61.81182],[107.73811,61.98669],[107.81694,62.15902],[107.91546,62.32817],[108.02374,62.49511],[108.12212,62.66239]]}},{"type":"Feature","properties":{"name":"Tagus","scalerank":5,"na":0,"zb":"b4","len":5.04},"geometry":{"type":"LineString","coordinates":[[-9.05461,39.31402],[-8.76978,39.5027],[-8.46268,39.66842],[-8.12502,39.79324],[-7.76654,39.87754],[-7.40138,39.94367],[-7.035,40.00568],[-6.66739,40.06319],[-6.29738,40.11063],[-5.92434,40.13794],[-5.55074,40.11367],[-5.1777,40.12554],[-4.83687,40.24083],[-4.46582,40.21549],[-4.09535,40.21779]]}},{"type":"Feature","properties":{"name":"Daugava","scalerank":5,"na":0,"zb":"b4","len":5.73},"geometry":{"type":"LineString","coordinates":[[31.15038,55.34088],[30.84516,55.2158],[30.51707,55.1108],[30.17596,55.02019],[29.81407,54.96178],[29.43969,54.95035],[29.08602,55.01832],[28.80304,55.1585],[28.49972,55.28461],[28.16691,55.3842],[27.82003,55.46682],[27.4693,55.54391],[27.11172,55.60954],[26.74593,55.65907],[26.40187,55.7427],[26.11254,55.87716],[25.87422,56.03989],[25.66585,56.21444]]}},{"type":"Feature","properties":{"name":"Loire","scalerank":5,"na":0,"zb":"b4","len":4.98},"geometry":{"type":"LineString","coordinates":[[3.20739,47.56726],[2.95808,47.76848],[2.63318,47.91328],[2.27214,48.01257],[1.88693,48.05091],[1.50576,48.00138],[1.17896,47.85985],[0.84861,47.72083],[0.482,47.63024],[0.10065,47.57314],[-0.28795,47.57898],[-0.67634,47.60705],[-1.06607,47.59028],[-1.44975,47.53998],[-1.8311,47.4818]]}},{"type":"Feature","properties":{"name":"Stikine","scalerank":5,"na":1,"zb":"b4","len":5.77},"geometry":{"type":"LineString","coordinates":[[-127.50366,57.86415],[-127.80536,57.99488],[-128.15371,58.08731],[-128.52789,58.1451],[-128.91451,58.17241],[-129.30387,58.18688],[-129.68889,58.21799],[-130.06441,58.27375],[-130.45094,58.28966],[-130.82397,58.23165],[-131.16055,58.12797],[-131.46681,58.00014],[-131.74681,57.85592],[-131.9824,57.69041],[-132.12785,57.49716],[-132.21029,57.29172],[-132.2363,57.08073],[-132.26835,56.8691]]}},{"type":"Feature","properties":{"name":"Mara\u00f1\u00f3n","scalerank":5,"na":0,"zb":"b4","len":5.83},"geometry":{"type":"LineString","coordinates":[[-76.99737,-10.04115],[-77.09941,-9.6736],[-77.2332,-9.32804],[-77.4869,-9.0393],[-77.71378,-8.72946],[-77.89399,-8.39077],[-78.0389,-8.03531],[-78.16361,-7.67201],[-78.28674,-7.30788],[-78.42306,-6.9482],[-78.60954,-6.61236],[-78.86221,-6.3211],[-79.02045,-5.97655],[-78.9803,-5.59532],[-78.8554,-5.23059],[-78.69812,-4.87816],[-78.49844,-4.54768]]}},{"type":"Feature","properties":{"name":"Elbe","scalerank":5,"na":0,"zb":"b4","len":4.57},"geometry":{"type":"LineString","coordinates":[[13.46636,51.65981],[13.22592,51.8558],[12.91658,52.00941],[12.56969,52.12917],[12.22609,52.24206],[12.30126,52.48002],[12.31412,52.72152],[12.18586,52.94764],[11.94507,53.13718],[11.63575,53.28674],[11.29263,53.40713],[10.94143,53.51871],[10.57488,53.61014]]}},{"type":"Feature","properties":{"name":"Colorado","scalerank":5,"na":0,"zb":"b4","len":6.15},"geometry":{"type":"LineString","coordinates":[[-68.60836,-37.08631],[-68.2578,-37.21566],[-67.91603,-37.35873],[-67.60233,-37.53643],[-67.40535,-37.79383],[-67.12659,-37.98689],[-66.7957,-38.14389],[-66.46862,-38.30533],[-66.11423,-38.41417],[-65.73033,-38.44721],[-65.34502,-38.46917],[-64.96039,-38.49663],[-64.57986,-38.54731],[-64.20862,-38.62981],[-63.85441,-38.74978],[-63.51417,-38.89228],[-63.17846,-39.04093]]}},{"type":"Feature","properties":{"name":"Godavari","scalerank":5,"na":0,"zb":"b4","len":6.27},"geometry":{"type":"LineString","coordinates":[[73.66084,20.39017],[74.05584,20.36908],[74.43908,20.27774],[74.80544,20.13693],[75.1698,19.9913],[75.54051,19.86061],[75.9186,19.74992],[76.29551,19.63572],[76.65586,19.48238],[77.03183,19.43562],[77.42647,19.44594],[77.79921,19.32581],[78.19217,19.32772],[78.5846,19.3773],[78.97986,19.37713],[79.35321,19.26061],[79.729,19.15077]]}},{"type":"Feature","properties":{"name":"Colorado","scalerank":5,"na":1,"zb":"b4","len":6.24},"geometry":{"type":"LineString","coordinates":[[-106.69668,40.26707],[-107.05941,40.15158],[-107.40591,40.01009],[-107.7533,39.86983],[-108.11814,39.7586],[-108.43617,39.58157],[-108.76676,39.42481],[-109.14633,39.35957],[-109.45477,39.17308],[-109.7058,38.93857],[-109.93338,38.68893],[-110.17255,38.44521],[-110.45945,38.23616],[-110.73324,38.01734],[-110.94017,37.75406],[-111.15817,37.49524],[-111.45465,37.29522]]}},{"type":"Feature","properties":{"name":"Vychegda","scalerank":5,"na":0,"zb":"b4","len":6.02},"geometry":{"type":"LineString","coordinates":[[51.99619,61.63473],[51.60427,61.60605],[51.20861,61.59975],[50.82298,61.63988],[50.48627,61.73667],[50.23356,61.88038],[49.9089,61.97103],[49.51738,61.94711],[49.15432,61.87323],[48.8401,61.75953],[48.56292,61.6251],[48.28172,61.49203],[47.97235,61.37358],[47.63378,61.2748],[47.26992,61.19913],[46.8968,61.13425]]}},{"type":"Feature","properties":{"name":"Svir","scalerank":5,"na":0,"zb":"b4","len":4.59},"geometry":{"type":"LineString","coordinates":[[35.38926,61.86806],[35.65718,61.7451],[35.8868,61.60524],[36.07341,61.45105],[36.18563,61.28073],[36.16578,61.10225],[36.00856,60.93876],[35.72232,60.82469],[35.35907,60.78842],[34.98697,60.80517],[34.61378,60.80389],[34.24973,60.76437],[33.94542,60.66014],[33.64789,60.54896],[33.37033,60.42602]]}},{"type":"Feature","properties":{"name":"Athabasca","scalerank":5,"na":1,"zb":"b4","len":6.51},"geometry":{"type":"LineString","coordinates":[[-112.52248,54.87863],[-112.37603,55.08711],[-112.34506,55.31087],[-112.32684,55.53409],[-112.28168,55.75484],[-112.22784,55.97377],[-112.14444,56.18801],[-111.95884,56.37874],[-111.60855,56.47744],[-111.33641,56.63162],[-111.19886,56.83247],[-111.18238,57.04665],[-111.19639,57.26011],[-111.16035,57.4711],[-111.07055,57.67658],[-111.02956,57.88521],[-111.0267,58.09386],[-111.03355,58.30113]]}},{"type":"Feature","properties":{"name":"Grande","scalerank":5,"na":0,"zb":"b4","len":4.46},"geometry":{"type":"LineString","coordinates":[[-48.13113,-19.69743],[-47.74201,-19.6728],[-47.35436,-19.70665],[-47.00215,-19.85816],[-46.69151,-20.08023],[-46.36279,-20.27476],[-45.97453,-20.31014],[-45.60269,-20.41689],[-45.26538,-20.60007],[-44.92653,-20.78098],[-44.57255,-20.93449],[-44.23188,-21.11124],[-43.92305,-21.33276],[-43.75472,-21.65249]]}},{"type":"Feature","properties":{"name":"Xingu","scalerank":5,"na":0,"zb":"b4","len":5.05},"geometry":{"type":"LineString","coordinates":[[-53.09535,-7.8826],[-53.01924,-7.5161],[-52.8891,-7.16419],[-52.7115,-6.83381],[-52.66982,-6.5346],[-52.85945,-6.20971],[-53.02503,-5.87179],[-53.16585,-5.52287],[-53.24669,-5.15633],[-53.21341,-4.783],[-53.12695,-4.41627],[-53.05594,-4.04596],[-52.94283,-3.68843],[-52.72973,-3.38009],[-52.45919,-3.1174]]}},{"type":"Feature","properties":{"name":"Tapaj\u00f3s","scalerank":5,"na":0,"zb":"b4","len":5.77},"geometry":{"type":"LineString","coordinates":[[-57.80711,-7.25289],[-57.93866,-6.88687],[-57.70742,-6.65217],[-57.41245,-6.39558],[-57.16307,-6.09432],[-56.88572,-5.81667],[-56.64719,-5.50577],[-56.44662,-5.16863],[-56.13084,-4.95013],[-55.84461,-4.68166],[-55.57602,-4.39486],[-55.31028,-4.10541],[-55.08893,-3.78127],[-54.91682,-3.42833],[-54.77836,-3.06052]]}},{"type":"Feature","properties":{"name":"Black Volta","scalerank":5,"na":0,"zb":"b4","len":7.41},"geometry":{"type":"LineString","coordinates":[[-2.15862,7.9334],[-2.50075,8.10815],[-2.76018,8.3947],[-2.97452,8.71625],[-3.10943,9.07456],[-3.10556,9.45827],[-3.13129,9.84157],[-3.16266,10.22404],[-3.19245,10.60617],[-3.21674,10.98819],[-3.2338,11.3701],[-3.2448,11.75171],[-3.33082,12.1209],[-3.55335,11.83549],[-3.79297,11.53486],[-4.0689,11.26569],[-4.39516,11.05883],[-4.75414,10.91027],[-5.11706,10.77092]]}},{"type":"Feature","properties":{"name":"Tennessee","scalerank":5,"na":1,"zb":"b4","len":6.62},"geometry":{"type":"LineString","coordinates":[[-83.97536,36.19531],[-84.37154,36.18005],[-84.73607,36.05977],[-85.03601,35.85045],[-85.29188,35.60409],[-85.56467,35.37154],[-85.91808,35.22923],[-86.20374,35.00421],[-86.50284,34.81746],[-86.86673,34.94695],[-87.22609,35.08427],[-87.61724,35.12578],[-87.64587,35.35635],[-87.58384,35.67448],[-87.56924,35.99609],[-87.60348,36.31485]]}},{"type":"Feature","properties":{"name":"Panj","scalerank":5,"na":0,"zb":"b4","len":4.62},"geometry":{"type":"LineString","coordinates":[[72.82768,36.73766],[72.46908,36.60324],[72.10037,36.4887],[71.70849,36.47375],[71.36239,36.61766],[71.1592,36.88651],[71.08146,37.19527],[71.08523,37.50957],[70.99065,37.78471],[70.8117,37.94898],[70.61746,37.68648],[70.39824,37.43323]]}},{"type":"Feature","properties":{"name":"Usumacinta","scalerank":5,"na":1,"zb":"b4","len":3.26},"geometry":{"type":"LineString","coordinates":[[-92.83775,18.48113],[-92.65643,18.16805],[-92.4757,17.85548],[-92.17854,17.63961],[-91.8401,17.48558],[-91.7194,17.1471],[-91.50333,16.85336],[-91.24347,16.59296],[-90.96608,16.34903],[-90.68792,16.10561]]}},{"type":"Feature","properties":{"name":"San Juan","scalerank":5,"na":1,"zb":"b4","len":2.95},"geometry":{"type":"LineString","coordinates":[[-83.52196,10.53749],[-83.91458,10.43759],[-84.31563,10.47978],[-84.69035,10.63286],[-85.04522,10.82693],[-85.37249,11.0631],[-85.67688,11.32691],[-85.96149,11.61106],[-86.2793,11.85324]]}},{"type":"Feature","properties":{"name":"Sacramento","scalerank":5,"na":1,"zb":"b4","len":3.62},"geometry":{"type":"LineString","coordinates":[[-121.97116,40.72071],[-121.84701,40.42784],[-121.72103,40.13409],[-121.62021,39.83358],[-121.5825,39.52377],[-121.48817,39.2218],[-121.31118,38.93895],[-121.22872,38.63409],[-121.26652,38.32082],[-121.35643,38.01021]]}},{"type":"Feature","properties":{"name":"Neva","scalerank":5,"na":0,"zb":"b4","len":1.51},"geometry":{"type":"LineString","coordinates":[[31.75105,60.12568],[31.54027,59.97185],[31.2689,59.84387],[30.93652,59.76029],[30.5707,59.72286],[30.19902,59.70312]]}},{"type":"Feature","properties":{"name":"Klamath","scalerank":5,"na":1,"zb":"b4","len":3.17},"geometry":{"type":"LineString","coordinates":[[-121.54386,42.57768],[-121.46589,42.29939],[-121.63957,42.04724],[-121.95184,41.87626],[-122.29926,41.74597],[-122.65741,41.63258],[-123.02033,41.53724],[-123.17092,41.26845],[-123.42585,41.05292],[-123.79592,40.98205],[-124.13187,41.12153],[-124.39276,41.33858]]}},{"type":"Feature","properties":{"name":"Volta","scalerank":5,"na":0,"zb":"b4","len":3.54},"geometry":{"type":"LineString","coordinates":[[-0.7105,8.95997],[-0.41269,8.70101],[-0.11914,8.43722],[0.15342,8.15225],[0.3847,7.83375],[0.52585,7.46781],[0.56842,7.07737],[0.55423,6.68396],[0.68313,6.32227],[0.95945,6.03931]]}},{"type":"Feature","properties":{"name":"Culuene","scalerank":5,"na":0,"zb":"b4","len":4.54},"geometry":{"type":"LineString","coordinates":[[-54.48547,-15.35349],[-54.12161,-15.23885],[-53.76421,-15.10706],[-53.44737,-14.90385],[-53.23965,-14.59377],[-53.06771,-14.26259],[-52.90658,-13.92583],[-52.75723,-13.58351],[-52.63162,-13.23193],[-52.55771,-12.86672],[-52.62307,-12.5012],[-52.80159,-12.17171],[-53.03065,-11.87183],[-53.04841,-11.5143]]}},{"type":"Feature","properties":{"name":"Holston","scalerank":5,"na":1,"zb":"b4","len":2.94},"geometry":{"type":"LineString","coordinates":[[-81.56434,37.30816],[-81.92885,37.19469],[-82.28786,37.07043],[-82.64043,36.93469],[-82.98807,36.79082],[-83.33041,36.63872],[-83.66696,36.47823],[-83.99312,36.30433],[-84.27243,36.0842]]}},{"type":"Feature","properties":{"name":"Pamir","scalerank":5,"na":0,"zb":"b4","len":1.11},"geometry":{"type":"LineString","coordinates":[[73.55643,37.76244],[73.11929,37.68847],[72.73958,37.50075],[72.39527,37.27223]]}},{"type":"Feature","properties":{"name":"Sprague","scalerank":5,"na":1,"zb":"b4","len":1.05},"geometry":{"type":"LineString","coordinates":[[-120.79296,42.6894],[-121.342,42.74516],[-121.89622,42.77047]]}},{"type":"Feature","properties":{"name":"Juruena","scalerank":5,"na":0,"zb":"b4","len":3.68},"geometry":{"type":"LineString","coordinates":[[-59.47226,-14.53676],[-59.46875,-14.14338],[-59.44099,-13.75014],[-59.40139,-13.3572],[-59.35597,-12.96419],[-59.30528,-12.57119],[-59.24207,-12.17934],[-59.15777,-11.79079],[-59.05803,-11.40529],[-59.05984,-11.00866]]}},{"type":"Feature","properties":{"name":"Chixoy","scalerank":5,"na":1,"zb":"b4","len":2.02},"geometry":{"type":"LineString","coordinates":[[-91.67848,15.0554],[-91.50216,15.45156],[-91.13883,15.67804],[-90.9979,16.08739],[-90.80877,16.47825]]}},{"type":"Feature","properties":{"name":"B\u00edo B\u00edo","scalerank":5,"na":0,"zb":"b4","len":3.31},"geometry":{"type":"LineString","coordinates":[[-70.8383,-38.7695],[-70.85718,-38.46533],[-70.98763,-38.17766],[-71.18627,-37.91325],[-71.41399,-37.66281],[-71.69597,-37.45044],[-72.05511,-37.33155],[-72.37929,-37.16781],[-72.59048,-36.90605],[-72.78445,-36.63462]]}},{"type":"Feature","properties":{"name":"Santa Cruz","scalerank":5,"na":0,"zb":"b4","len":3.03},"geometry":{"type":"LineString","coordinates":[[-71.96985,-50.48022],[-71.57924,-50.47289],[-71.18864,-50.46556],[-70.79813,-50.45642],[-70.40815,-50.44087],[-70.01972,-50.41426],[-69.63432,-50.37331],[-69.25393,-50.31633],[-68.87628,-50.25218]]}},{"type":"Feature","properties":{"name":"Trofimovskaya Protoka","scalerank":5,"na":0,"zb":"b4","len":3.67},"geometry":{"type":"LineString","coordinates":[[127.99679,73.35537],[127.69959,73.28261],[127.40577,73.20843],[127.13089,73.12822],[126.89709,73.03733],[126.70899,72.93732],[126.55401,72.83185],[126.42238,72.72301],[126.30444,72.61208],[126.19629,72.49956],[126.08813,72.38633]]}},{"type":"Feature","properties":{"name":"Tumatskaya Protoka","scalerank":5,"na":0,"zb":"b4","len":3.33},"geometry":{"type":"LineString","coordinates":[[126.95459,73.3322],[126.94485,73.21236],[126.93511,73.09168],[126.92537,72.97016],[126.91564,72.8478],[126.9059,72.72458],[126.89616,72.6005],[126.88642,72.47556],[126.87669,72.34975]]}},{"type":"Feature","properties":{"name":"Porcupine","scalerank":6,"na":1,"zb":"b4","len":6.68},"geometry":{"type":"LineString","coordinates":[[-139.41021,67.70496],[-139.78611,67.66004],[-140.16582,67.61986],[-140.54609,67.58037],[-140.9248,67.53872],[-141.29945,67.492],[-141.66625,67.43679],[-142.02107,67.37105],[-142.36617,67.29772],[-142.7113,67.22416],[-143.06137,67.15398],[-143.4171,67.08803],[-143.77731,67.02568],[-144.1407,66.96606],[-144.50558,66.90768],[-144.87139,66.85008],[-145.23722,66.79236],[-145.60306,66.7345]]}},{"type":"Feature","properties":{"name":"Red","scalerank":6,"na":0,"zb":"b4","len":4.19},"geometry":{"type":"LineString","coordinates":[[102.32179,23.89443],[102.64715,23.72021],[102.99036,23.57607],[103.32297,23.41249],[103.63699,23.22017],[103.93161,23.00309],[104.21406,22.77224],[104.48977,22.53415],[104.75962,22.28997],[105.02886,22.0448],[105.30461,21.80556],[105.61519,21.60784]]}},{"type":"Feature","properties":{"name":"Brazos","scalerank":6,"na":1,"zb":"b4","len":5.28},"geometry":{"type":"LineString","coordinates":[[-98.65774,33.56072],[-98.37131,33.34773],[-98.08218,33.13677],[-97.79573,32.92278],[-97.52562,32.69395],[-97.28089,32.4451],[-97.06074,32.17962],[-96.86646,31.89924],[-96.67789,31.61512],[-96.48099,31.33428],[-96.27686,31.05638],[-96.07625,30.77579],[-95.89725,30.48389],[-95.75123,30.17782],[-95.59569,29.87593]]}},{"type":"Feature","properties":{"name":"Uruguay","scalerank":6,"na":0,"zb":"b4","len":5.79},"geometry":{"type":"LineString","coordinates":[[-55.25932,-27.41808],[-55.55208,-27.6328],[-55.825,-27.86674],[-56.08225,-28.11368],[-56.32745,-28.36945],[-56.56998,-28.62658],[-56.81601,-28.88049],[-57.06482,-29.13173],[-57.31565,-29.3808],[-57.56457,-29.63071],[-57.79635,-29.89205],[-57.99596,-30.17169],[-58.13505,-30.47664],[-58.24794,-30.78883],[-58.34936,-31.10294],[-58.44242,-31.41789],[-58.5215,-31.73453]]}},{"type":"Feature","properties":{"name":"Olenyok","scalerank":6,"na":0,"zb":"b4","len":5.83},"geometry":{"type":"LineString","coordinates":[[104.81437,67.42435],[105.18346,67.3706],[105.55319,67.31742],[105.92763,67.26923],[106.30725,67.22747],[106.69015,67.19041],[107.07442,67.15547],[107.45973,67.12224],[107.84573,67.09019],[108.23278,67.0601],[108.62161,67.03371],[109.01254,67.01263],[109.40603,67.00132],[109.79676,67.01802],[110.147,67.08719],[110.44626,67.18686],[110.71427,67.29889]]}},{"type":"Feature","properties":{"name":"Kwango","scalerank":6,"na":0,"zb":"b4","len":5.35},"geometry":{"type":"LineString","coordinates":[[18.08271,-9.78489],[17.83568,-9.50199],[17.65036,-9.17727],[17.51654,-8.82752],[17.32904,-8.50228],[17.12421,-8.18699],[16.91764,-7.87256],[16.72985,-7.54679],[16.57511,-7.20401],[16.4473,-6.85014],[16.3418,-6.48882],[16.25947,-6.12133],[16.20023,-5.74922],[16.16173,-5.37419],[16.14157,-4.99749],[16.15481,-4.62055]]}},{"type":"Feature","properties":{"name":"Nelson","scalerank":6,"na":1,"zb":"b4","len":5.61},"geometry":{"type":"LineString","coordinates":[[-96.9976,50.95279],[-97.03694,51.18851],[-97.10596,51.41991],[-97.24406,51.63803],[-97.42149,51.84407],[-97.61218,52.04468],[-97.78715,52.24966],[-97.93693,52.46101],[-98.05594,52.67849],[-98.14559,52.89996],[-98.20783,53.12373],[-98.24739,53.34821],[-98.25876,53.57261],[-98.23029,53.79523],[-98.17969,54.01541],[-98.1615,54.23607]]}},{"type":"Feature","properties":{"name":"Taz","scalerank":6,"na":0,"zb":"b4","len":4.39},"geometry":{"type":"LineString","coordinates":[[81.81579,66.54529],[81.71714,66.69959],[81.38546,66.787],[81.01088,66.84693],[80.63169,66.90214],[80.25699,66.96172],[79.8983,67.03452],[79.55327,67.11663],[79.21879,67.20478],[78.892,67.29688],[78.56974,67.391]]}},{"type":"Feature","properties":{"name":"Narmada","scalerank":6,"na":0,"zb":"b4","len":5.99},"geometry":{"type":"LineString","coordinates":[[80.18755,23.23896],[79.841,23.40516],[79.44789,23.44216],[79.05237,23.42352],[78.65851,23.38445],[78.26759,23.32587],[77.88564,23.23013],[77.51508,23.10148],[77.15246,22.95468],[76.78671,22.81459],[76.40978,22.70327],[76.02249,22.62643],[75.63269,22.56101],[75.24201,22.50024],[74.8513,22.43953],[74.46075,22.37795],[74.0705,22.31476]]}},{"type":"Feature","properties":{"name":"Tarim","scalerank":6,"na":0,"zb":"b4","len":4.96},"geometry":{"type":"LineString","coordinates":[[85.68059,41.32693],[85.2885,41.342],[84.90543,41.40795],[84.51595,41.4443],[84.12848,41.40138],[83.7502,41.32367],[83.35842,41.29968],[82.96578,41.28382],[82.57561,41.24827],[82.19251,41.18184],[81.81843,41.09079],[81.45297,40.98136],[81.09113,40.86498],[80.72964,40.74777]]}},{"type":"Feature","properties":{"name":"Don","scalerank":6,"na":0,"zb":"b4","len":4.27},"geometry":{"type":"LineString","coordinates":[[43.90881,48.50529],[43.71275,48.29271],[43.51598,48.07956],[43.30085,47.87366],[43.05096,47.68578],[42.75241,47.53305],[42.41405,47.42414],[42.05169,47.35863],[41.67885,47.33012],[41.30474,47.30901],[40.94226,47.24566],[40.61352,47.12323],[40.28023,47.00582]]}},{"type":"Feature","properties":{"name":"Vilyuy","scalerank":6,"na":0,"zb":"b4","len":5.44},"geometry":{"type":"LineString","coordinates":[[123.08333,64.14105],[122.70481,64.08939],[122.31657,64.05301],[121.92753,64.01823],[121.54068,63.97911],[121.16068,63.92877],[120.80048,63.85595],[120.46238,63.76418],[120.0888,63.70743],[119.69502,63.68513],[119.30077,63.66427],[118.91046,63.63237],[118.52964,63.58279],[118.16546,63.51271],[117.83364,63.41588]]}},{"type":"Feature","properties":{"name":"Tanana","scalerank":6,"na":1,"zb":"b4","len":5.53},"geometry":{"type":"LineString","coordinates":[[-141.35644,62.9476],[-141.56903,63.09376],[-141.82537,63.22401],[-142.11953,63.33633],[-142.44521,63.42916],[-142.77792,63.51682],[-143.11294,63.60246],[-143.4479,63.68789],[-143.78174,63.77392],[-144.10966,63.86391],[-144.40562,63.97231],[-144.65344,64.10164],[-144.96985,64.19652],[-145.32539,64.26189],[-145.69111,64.31582],[-146.05394,64.37308]]}},{"type":"Feature","properties":{"name":"Koyukuk","scalerank":6,"na":1,"zb":"b4","len":5.95},"geometry":{"type":"LineString","coordinates":[[-150.42313,68.02194],[-150.45846,67.87465],[-150.44218,67.72579],[-150.40949,67.57634],[-150.40749,67.42551],[-150.46813,67.27565],[-150.5856,67.12993],[-150.7591,66.99209],[-150.96902,66.86129],[-151.20145,66.73581],[-151.47246,66.62255],[-151.77378,66.52149],[-152.10552,66.43652],[-152.45901,66.36662],[-152.8214,66.30411],[-153.18572,66.24327],[-153.5419,66.17593]]}},{"type":"Feature","properties":{"name":"Helmand","scalerank":6,"na":0,"zb":"b4","len":5.72},"geometry":{"type":"LineString","coordinates":[[66.51538,34.00741],[66.20401,33.80008],[65.90787,33.57724],[65.62791,33.33966],[65.36793,33.08624],[65.11862,32.82449],[64.85794,32.56993],[64.58688,32.32246],[64.32662,32.06623],[64.10258,31.78595],[63.92603,31.48137],[63.78236,31.16351],[63.51164,30.9158],[63.16107,30.75318],[62.78619,30.63516]]}},{"type":"Feature","properties":{"name":"Kheta","scalerank":6,"na":0,"zb":"b4","len":5.06},"geometry":{"type":"LineString","coordinates":[[97.59137,71.01219],[97.80251,71.11268],[98.00423,71.21456],[98.25433,71.30419],[98.54047,71.38179],[98.84601,71.45122],[99.15547,71.51813],[99.37687,71.6125],[99.62571,71.70052],[99.92761,71.76988],[100.25274,71.82835],[100.58633,71.88192],[100.92551,71.93189],[101.26884,71.9789],[101.61328,72.02504]]}},{"type":"Feature","properties":{"name":"Douro","scalerank":6,"na":0,"zb":"b4","len":4.95},"geometry":{"type":"LineString","coordinates":[[-3.72204,41.9384],[-4.10283,41.92462],[-4.48051,41.88528],[-4.85676,41.83845],[-5.23534,41.80411],[-5.61647,41.79974],[-5.99738,41.80708],[-6.36842,41.74493],[-6.70959,41.61885],[-7.03115,41.46577],[-7.40222,41.44109],[-7.78186,41.46687],[-8.16329,41.46848],[-8.54459,41.46018]]}},{"type":"Feature","properties":{"name":"Back","scalerank":6,"na":1,"zb":"b4","len":4.47},"geometry":{"type":"LineString","coordinates":[[-102.82199,65.40334],[-103.15111,65.31828],[-103.46019,65.22065],[-103.77129,65.12374],[-104.11122,65.04563],[-104.47348,64.98797],[-104.85329,64.95753],[-105.24017,64.95999],[-105.62103,64.98949],[-105.9917,65.0368],[-106.35315,65.0956],[-106.71384,65.15504],[-107.09074,65.18419]]}},{"type":"Feature","properties":{"name":"Meta","scalerank":6,"na":0,"zb":"b4","len":4.6},"geometry":{"type":"LineString","coordinates":[[-72.00032,4.04167],[-71.64444,4.17151],[-71.30343,4.33651],[-70.98156,4.53592],[-70.69053,4.77758],[-70.41439,5.03591],[-70.09063,5.23195],[-69.79142,5.46321],[-69.49371,5.69397],[-69.11656,5.73049],[-68.73799,5.75137],[-68.36069,5.78812],[-67.9863,5.84728]]}},{"type":"Feature","properties":{"name":"Susitna","scalerank":6,"na":1,"zb":"b4","len":5.92},"geometry":{"type":"LineString","coordinates":[[-146.50358,62.66997],[-146.85083,62.74994],[-147.19916,62.82866],[-147.55446,62.90026],[-147.92404,62.95441],[-148.3057,62.98664],[-148.69295,63.00056],[-149.08109,62.99711],[-149.46505,62.97098],[-149.83241,62.91463],[-150.1457,62.81159],[-150.33909,62.65784],[-150.46745,62.48931],[-150.52058,62.31111],[-150.55217,62.13062],[-150.6019,61.94996],[-150.66961,61.76952],[-150.78261,61.59326]]}},{"type":"Feature","properties":{"name":"Kama","scalerank":6,"na":0,"zb":"b4","len":4.66},"geometry":{"type":"LineString","coordinates":[[54.18806,60.50069],[53.82984,60.4404],[53.49469,60.35296],[53.17678,60.25057],[52.87746,60.13493],[52.61043,60.00084],[52.41127,59.83988],[52.33029,59.65446],[52.38218,59.46489],[52.52885,59.28701],[52.70307,59.11451],[52.85283,58.93553],[52.95294,58.74625],[53.04916,58.55537],[53.15536,58.36492]]}},{"type":"Feature","properties":{"name":"Po","scalerank":6,"na":0,"zb":"b4","len":3.93},"geometry":{"type":"LineString","coordinates":[[8.11541,44.84676],[8.50814,44.80655],[8.9046,44.80918],[9.29864,44.84271],[9.69473,44.84353],[10.07758,44.77007],[10.45958,44.6972],[10.85017,44.73081],[11.24057,44.74868],[11.6357,44.72158],[12.03134,44.69813]]}},{"type":"Feature","properties":{"name":"Pilcomayo River","scalerank":6,"na":0,"zb":"b4","len":6.65},"geometry":{"type":"LineString","coordinates":[[-63.49214,-21.73104],[-63.26079,-21.99427],[-63.07723,-22.29491],[-62.85464,-22.57081],[-62.59157,-22.81434],[-62.36983,-23.08968],[-62.12696,-23.34915],[-61.85244,-23.5805],[-61.56328,-23.79601],[-61.25904,-23.99293],[-60.93612,-24.16278],[-60.5925,-24.29412],[-60.23943,-24.40312],[-59.90159,-24.54631],[-59.57951,-24.71699],[-59.26373,-24.897],[-58.94165,-25.06726],[-58.60935,-25.22028],[-58.27181,-25.36356]]}},{"type":"Feature","properties":{"name":"Liard","scalerank":6,"na":1,"zb":"b4","len":5.16},"geometry":{"type":"LineString","coordinates":[[-131.62279,61.05211],[-131.31503,60.9334],[-131.02363,60.80483],[-130.73638,60.67356],[-130.45084,60.54085],[-130.1648,60.40784],[-129.87804,60.27467],[-129.58825,60.14259],[-129.29259,60.01326],[-128.98683,59.88947],[-128.65278,59.78542],[-128.285,59.71845],[-127.89416,59.72725],[-127.59154,59.61167]]}},{"type":"Feature","properties":{"name":"Dniester","scalerank":6,"na":0,"zb":"b4","len":6.14},"geometry":{"type":"LineString","coordinates":[[29.53115,47.33723],[29.42404,47.58145],[29.32933,47.82704],[29.16028,48.05158],[28.89469,48.22868],[28.58169,48.36856],[28.273,48.51227],[27.95618,48.64742],[27.61352,48.75024],[27.24501,48.79952],[26.8688,48.78804],[26.49612,48.81735],[26.14034,48.8989],[25.79856,49.00346],[25.46406,49.11755],[25.13558,49.23865],[24.81384,49.36693],[24.49427,49.49717]]}},{"type":"Feature","properties":{"name":"Han","scalerank":6,"na":0,"zb":"b4","len":4.26},"geometry":{"type":"LineString","coordinates":[[108.89251,33.03344],[109.2504,33.12769],[109.61821,33.18821],[109.9925,33.20517],[110.36582,33.17733],[110.73451,33.11915],[111.09904,33.04484],[111.453,32.94164],[111.75736,32.75963],[111.98812,32.51109],[112.26593,32.30183],[112.5218,32.07201],[112.69532,31.79022],[112.82698,31.49108]]}},{"type":"Feature","properties":{"name":"Chenab","scalerank":6,"na":0,"zb":"b4","len":5.37},"geometry":{"type":"LineString","coordinates":[[74.2157,33.02536],[73.89168,32.83268],[73.55575,32.65434],[73.22632,32.46734],[72.93301,32.24212],[72.62571,32.02956],[72.30094,31.8355],[71.99932,31.61611],[71.78084,31.33421],[71.60218,31.03072],[71.36645,30.75711],[71.11059,30.49598],[70.91925,30.19613],[70.78252,29.87339],[70.63869,29.55222]]}},{"type":"Feature","properties":{"name":"Tshuapa","scalerank":6,"na":0,"zb":"b4","len":5.86},"geometry":{"type":"LineString","coordinates":[[24.96857,-3.02926],[24.82163,-2.6655],[24.65649,-2.30955],[24.48709,-1.95556],[24.35483,-1.58608],[24.17707,-1.23759],[23.8904,-0.97319],[23.52883,-0.82409],[23.16248,-0.68336],[22.80832,-0.51364],[22.45385,-0.34455],[22.09315,-0.18924],[21.72568,-0.05074],[21.35176,0.0693],[20.97008,0.16034],[20.57969,0.17277],[20.19266,0.23892]]}},{"type":"Feature","properties":{"name":"Dal\u00e4lven","scalerank":6,"na":0,"zb":"b4","len":6.25},"geometry":{"type":"LineString","coordinates":[[16.96483,60.08834],[16.65484,59.98029],[16.28395,59.96391],[15.9624,60.05549],[15.73519,60.20572],[15.44636,60.32667],[15.13944,60.43597],[14.82991,60.5428],[14.55682,60.67123],[14.32536,60.81745],[14.07444,60.95525],[13.81284,61.08767],[13.54979,61.21889],[13.28621,61.34932],[13.01831,61.47714],[12.74289,61.60077],[12.46372,61.72201],[12.18734,61.8442],[11.91601,61.96838]]}},{"type":"Feature","properties":{"name":"Okavango","scalerank":6,"na":0,"zb":"b4","len":6.22},"geometry":{"type":"LineString","coordinates":[[22.5625,-19.63538],[22.31817,-19.3429],[22.06595,-19.05539],[21.79198,-18.78558],[21.50769,-18.52506],[21.14543,-18.42322],[20.75211,-18.38465],[20.3669,-18.30051],[19.97617,-18.24408],[19.58237,-18.20895],[19.18894,-18.17034],[18.79975,-18.10504],[18.44186,-17.95122],[18.17819,-17.67136],[17.94007,-17.37018],[17.715,-17.05959],[17.51681,-16.73221]]}},{"type":"Feature","properties":{"name":"Limpopo","scalerank":6,"na":0,"zb":"b4","len":5.99},"geometry":{"type":"LineString","coordinates":[[27.46451,-22.90895],[27.7247,-22.65798],[28.00915,-22.43084],[28.32785,-22.24564],[28.66446,-22.08953],[29.00805,-21.94655],[29.36177,-21.82723],[29.73541,-21.80427],[30.10623,-21.8635],[30.47623,-21.92729],[30.85209,-21.94266],[31.22321,-21.99971],[31.57879,-22.11252],[31.90109,-22.29149],[32.18052,-22.52416],[32.41742,-22.79392],[32.61489,-23.08902],[32.77788,-23.40082],[32.92561,-23.71837]]}},{"type":"Feature","properties":{"name":"Tom","scalerank":6,"na":0,"zb":"b4","len":4.15},"geometry":{"type":"LineString","coordinates":[[86.82727,55.29341],[86.5219,55.42551],[86.26742,55.59033],[85.99225,55.7432],[85.67049,55.86259],[85.36227,55.97896],[85.30056,56.19185],[85.22036,56.40158],[85.09876,56.6041],[84.95734,56.80163],[84.80674,56.99612]]}},{"type":"Feature","properties":{"name":"Gan","scalerank":6,"na":0,"zb":"b4","len":4.26},"geometry":{"type":"LineString","coordinates":[[115.82379,29.88017],[115.68786,29.57353],[115.58138,29.25738],[115.50528,28.93352],[115.39815,28.61592],[115.23193,28.31748],[115.03708,28.03157],[114.85674,27.73767],[114.71358,27.42752],[114.61238,27.1035],[114.43816,26.80696],[114.38358,26.47843],[114.4855,26.15253]]}},{"type":"Feature","properties":{"name":"Yamuna","scalerank":6,"na":0,"zb":"b4","len":5.42},"geometry":{"type":"LineString","coordinates":[[76.84475,28.81438],[76.94213,28.48838],[77.0539,28.16498],[77.17712,27.84382],[77.32331,27.5297],[77.52513,27.2401],[77.78212,26.98677],[78.08828,26.78079],[78.42387,26.61401],[78.74477,26.42625],[79.02429,26.19035],[79.33312,25.98561],[79.65972,25.80392],[79.99532,25.63582],[80.34494,25.4927],[80.69563,25.35205]]}},{"type":"Feature","properties":{"name":"Salado","scalerank":6,"na":0,"zb":"b4","len":5.38},"geometry":{"type":"LineString","coordinates":[[-64.39729,-25.60329],[-64.26153,-25.92318],[-64.17631,-26.25601],[-64.13082,-26.59429],[-64.09534,-26.93261],[-64.04584,-27.26848],[-63.96971,-27.59928],[-63.8654,-27.92305],[-63.68469,-28.21726],[-63.4511,-28.48154],[-63.21265,-28.74185],[-63.01633,-29.02676],[-62.82003,-29.31109],[-62.55157,-29.54358],[-62.20392,-29.66984],[-61.82939,-29.70999]]}},{"type":"Feature","properties":{"name":"Branco","scalerank":6,"na":0,"zb":"b4","len":5.51},"geometry":{"type":"LineString","coordinates":[[-61.79629,3.68418],[-61.41236,3.75573],[-61.02552,3.80953],[-60.6375,3.78721],[-60.30935,3.58787],[-60.18721,3.2264],[-60.25268,2.84295],[-60.37155,2.47134],[-60.50818,2.10571],[-60.65158,1.74255],[-60.79922,1.38104],[-60.95078,1.02109],[-61.10874,0.66387],[-61.26744,0.30704],[-61.36709,-0.06984],[-61.40188,-0.45882],[-61.43218,-0.84824]]}},{"type":"Feature","properties":{"name":"Sutlej","scalerank":6,"na":0,"zb":"b4","len":5.27},"geometry":{"type":"LineString","coordinates":[[75.65076,30.68473],[75.25741,30.71917],[74.8708,30.75366],[74.55002,30.55674],[74.27758,30.30944],[73.9816,30.08329],[73.63107,29.92523],[73.27423,29.77696],[72.92089,29.62229],[72.57288,29.45852],[72.24979,29.26291],[71.87656,29.14969],[71.49281,29.06549],[71.10804,28.98476]]}},{"type":"Feature","properties":{"name":"Songhwa","scalerank":6,"na":0,"zb":"b4","len":5.9},"geometry":{"type":"LineString","coordinates":[[130.35485,46.55756],[130.09201,46.36725],[129.86019,46.15678],[129.59608,45.96544],[129.27886,45.81745],[128.92423,45.71836],[128.54931,45.66647],[128.16726,45.65404],[127.78461,45.65234],[127.40236,45.66261],[127.02603,45.67107],[126.7134,45.51692],[126.37739,45.38905],[126.02293,45.28806],[125.65205,45.22282],[125.27207,45.19205],[124.89006,45.17613]]}},{"type":"Feature","properties":{"name":"Ottawa","scalerank":6,"na":1,"zb":"b4","len":5.41},"geometry":{"type":"LineString","coordinates":[[-79.8812,47.49926],[-79.77389,47.25575],[-79.66228,47.01201],[-79.53084,46.7719],[-79.36974,46.53944],[-79.16671,46.3223],[-78.89583,46.14428],[-78.55155,46.04384],[-78.18791,45.97958],[-77.82271,45.92062],[-77.49514,45.79311],[-77.17047,45.66296],[-76.90908,45.47561],[-76.6235,45.30568],[-76.2842,45.19558],[-75.91319,45.16917],[-75.5427,45.20953]]}},{"type":"Feature","properties":{"name":"Mur","scalerank":6,"na":0,"zb":"b4","len":4.33},"geometry":{"type":"LineString","coordinates":[[15.39854,47.52267],[15.69235,47.35416],[15.86822,47.11763],[16.10354,46.92548],[16.46416,46.82188],[16.80429,46.68969],[17.11706,46.52845],[17.4036,46.34472],[17.7348,46.20276],[18.09814,46.10226],[18.46505,46.00766],[18.82689,45.90389]]}},{"type":"Feature","properties":{"name":"Coppermine","scalerank":6,"na":1,"zb":"b4","len":7.02},"geometry":{"type":"LineString","coordinates":[[-115.46985,67.90214],[-115.676,67.7832],[-115.88216,67.66365],[-116.08256,67.54209],[-116.2642,67.41576],[-116.40514,67.28132],[-116.47851,67.13846],[-116.43963,66.99313],[-116.31402,66.85423],[-116.09031,66.73518],[-115.8026,66.63938],[-115.48888,66.55667],[-115.23117,66.44838],[-115.05428,66.31547],[-114.92067,66.17366],[-114.82425,66.02611],[-114.73263,65.87718],[-114.64121,65.72737],[-114.52794,65.57923],[-114.37157,65.43763],[-114.15812,65.30872]]}},{"type":"Feature","properties":{"name":"Chubut","scalerank":6,"na":0,"zb":"b4","len":5.41},"geometry":{"type":"LineString","coordinates":[[-65.03199,-43.62505],[-65.41737,-43.63781],[-65.77476,-43.73363],[-66.08801,-43.89589],[-66.44011,-44.00696],[-66.81917,-44.051],[-67.20381,-44.03127],[-67.58948,-44.03189],[-67.97443,-44.05062],[-68.35965,-44.06572],[-68.74302,-44.03973],[-69.09719,-43.93452],[-69.3545,-43.72958],[-69.55248,-43.48995],[-69.734,-43.24244],[-69.94272,-43.00623]]}},{"type":"Feature","properties":{"name":"Chari","scalerank":6,"na":0,"zb":"b4","len":5.02},"geometry":{"type":"LineString","coordinates":[[15.66962,10.49571],[16.00393,10.33089],[16.35208,10.1965],[16.71815,10.12769],[17.04639,10.01318],[17.2896,9.73353],[17.52601,9.44765],[17.78958,9.18578],[18.0741,8.94589],[18.36998,8.71959],[18.65113,8.47663],[18.81017,8.14211],[18.96028,7.80276],[19.16049,7.4905]]}},{"type":"Feature","properties":{"name":"Albany","scalerank":6,"na":1,"zb":"b4","len":5.35},"geometry":{"type":"LineString","coordinates":[[-91.59847,50.85285],[-91.22046,50.81484],[-90.83366,50.8256],[-90.44991,50.85123],[-90.07606,50.91477],[-89.71976,51.00978],[-89.36338,51.10483],[-88.99857,51.18537],[-88.61656,51.2205],[-88.23658,51.18193],[-87.8653,51.11335],[-87.4819,51.08248],[-87.09802,51.10838],[-86.73649,51.19351],[-86.40089,51.31386],[-86.11936,51.47925]]}},{"type":"Feature","properties":{"name":"Yarkand","scalerank":6,"na":0,"zb":"b4","len":5.76},"geometry":{"type":"LineString","coordinates":[[75.90932,37.94319],[76.1989,38.1461],[76.57913,38.23373],[76.86026,38.44684],[77.02393,38.72889],[77.18029,39.01277],[77.38504,39.27588],[77.65087,39.50268],[77.97151,39.68222],[78.32468,39.82074],[78.70012,39.91861],[79.07131,40.0255],[79.42662,40.16049],[79.77231,40.30911],[80.1117,40.46571],[80.45062,40.62254]]}},{"type":"Feature","properties":{"name":"Anadyr","scalerank":6,"na":0,"zb":"b4","len":5.48},"geometry":{"type":"LineString","coordinates":[[171.07237,66.85725],[170.8455,66.73363],[170.5626,66.62752],[170.26786,66.52607],[169.98398,66.41945],[169.72232,66.30366],[169.50164,66.17439],[169.34435,66.03021],[169.21249,65.88126],[168.98034,65.75358],[168.71261,65.63698],[168.48312,65.50718],[168.34317,65.35664],[168.30504,65.19498],[168.36274,65.03314],[168.51321,64.88145]]}},{"type":"Feature","properties":{"name":"Great Bear","scalerank":6,"na":1,"zb":"b4","len":6.99},"geometry":{"type":"LineString","coordinates":[[-104.03243,59.13872],[-104.39375,59.21296],[-104.74133,59.29907],[-105.10328,59.36491],[-105.49031,59.37992],[-105.85156,59.45257],[-106.23374,59.49053],[-106.62073,59.51358],[-107.00857,59.53239],[-107.39773,59.54155],[-107.78735,59.54118],[-108.17654,59.5319],[-108.56457,59.51453],[-108.94874,59.4819],[-109.32619,59.43334],[-109.68888,59.36092],[-110.03834,59.27323],[-110.37088,59.16949],[-110.69476,59.05831],[-111.01542,58.94431]]}},{"type":"Feature","properties":{"name":"Tisza","scalerank":6,"na":0,"zb":"b4","len":5.11},"geometry":{"type":"LineString","coordinates":[[22.40749,48.5584],[22.01902,48.57744],[21.6539,48.48091],[21.32081,48.33981],[21.01101,48.17702],[20.72882,47.99249],[20.45577,47.80096],[20.19909,47.59885],[19.97855,47.37752],[19.80849,47.13608],[19.72145,46.87378],[19.71446,46.60341],[19.7461,46.33212],[19.71041,46.0612],[19.73873,45.78712],[19.79314,45.51351]]}},{"type":"Feature","properties":{"name":"Kemijoki","scalerank":6,"na":0,"zb":"b4","len":6.08},"geometry":{"type":"LineString","coordinates":[[28.91386,67.58849],[28.74885,67.4556],[28.57788,67.32308],[28.40514,67.19017],[28.23059,67.05687],[28.05611,66.92285],[27.89909,66.78482],[27.78554,66.64015],[27.74025,66.48828],[27.62774,66.3419],[27.3343,66.24487],[26.95457,66.22789],[26.57396,66.24917],[26.19501,66.27583],[25.83947,66.24686],[25.62862,66.11721],[25.40477,65.99024]]}},{"type":"Feature","properties":{"name":"Purus","scalerank":6,"na":0,"zb":"b4","len":5.06},"geometry":{"type":"LineString","coordinates":[[-72.40916,-11.2392],[-72.01825,-11.2126],[-71.64496,-11.09814],[-71.29969,-10.91637],[-70.98323,-10.68968],[-70.72661,-10.4003],[-70.52265,-10.07117],[-70.27853,-9.76901],[-69.97779,-9.52516],[-69.60068,-9.421],[-69.23517,-9.28143],[-68.87321,-9.2866],[-68.49634,-9.38605],[-68.10575,-9.36765]]}},{"type":"Feature","properties":{"name":"Dadu","scalerank":6,"na":0,"zb":"b4","len":4.73},"geometry":{"type":"LineString","coordinates":[[100.34121,33.25457],[100.62497,33.03747],[100.90033,32.81254],[101.14056,32.56039],[101.31765,32.27266],[101.64378,32.16671],[102.01714,32.09559],[102.30588,31.88884],[102.40016,31.5772],[102.36187,31.25111],[102.34789,30.92336],[102.44115,30.60364],[102.5457,30.28491],[102.61396,29.95787]]}},{"type":"Feature","properties":{"name":"Desaguadero","scalerank":6,"na":0,"zb":"b4","len":7.36},"geometry":{"type":"LineString","coordinates":[[-66.27246,-38.21436],[-66.40346,-37.94346],[-66.67921,-37.72911],[-66.92397,-37.49225],[-67.1015,-37.21984],[-67.20044,-36.92186],[-67.20979,-36.61247],[-67.18022,-36.30215],[-67.10746,-35.99563],[-67.01017,-35.69214],[-66.96264,-35.37984],[-66.97463,-35.06467],[-67.06581,-34.7565],[-67.16763,-34.44929],[-67.19498,-34.1315],[-67.33048,-33.83114],[-67.46913,-33.53048],[-67.58009,-33.22094],[-67.66217,-32.90402],[-67.73093,-32.58365]]}},{"type":"Feature","properties":{"name":"Kade\u00ef","scalerank":6,"na":0,"zb":"b4","len":5.06},"geometry":{"type":"LineString","coordinates":[[15.0191,5.8651],[14.99523,5.47712],[14.88373,5.10387],[14.74511,4.7392],[14.9791,4.5297],[15.34189,4.38333],[15.69112,4.2073],[16.02123,3.99796],[16.30891,3.73443],[16.51332,3.40317],[16.60429,3.02465],[16.54854,2.64006],[16.55858,2.2532],[16.53288,1.86344]]}},{"type":"Feature","properties":{"name":"Kuskokwim","scalerank":6,"na":1,"zb":"b4","len":6.43},"geometry":{"type":"LineString","coordinates":[[-155.2963,62.68521],[-155.42252,62.51518],[-155.55214,62.34473],[-155.68471,62.1738],[-155.82901,62.00403],[-156.01083,61.84159],[-156.25231,61.69713],[-156.58106,61.59988],[-156.96362,61.56759],[-157.35182,61.58429],[-157.73515,61.61944],[-158.05574,61.56],[-158.38499,61.46252],[-158.7625,61.4164],[-159.15028,61.39493],[-159.53856,61.37586],[-159.92172,61.34069],[-160.25817,61.25161]]}},{"type":"Feature","properties":{"name":"Kamchatka","scalerank":6,"na":0,"zb":"b4","len":6.66},"geometry":{"type":"LineString","coordinates":[[157.80351,54.50217],[158.06195,54.64693],[158.28899,54.82431],[158.50385,55.00589],[158.70241,55.19262],[158.8998,55.37887],[159.13221,55.55052],[159.25917,55.74088],[159.31602,55.95272],[159.46569,56.14855],[159.68109,56.32357],[159.97073,56.45925],[160.32169,56.54069],[160.6998,56.5679],[161.08074,56.55413],[161.45908,56.52495],[161.8376,56.49625],[162.21711,56.47189]]}},{"type":"Feature","properties":{"name":"Gila","scalerank":6,"na":1,"zb":"b4","len":4.54},"geometry":{"type":"LineString","coordinates":[[-109.77746,33.34283],[-110.15117,33.4545],[-110.54738,33.45102],[-110.94056,33.40749],[-111.33556,33.44894],[-111.73277,33.46917],[-112.10834,33.57802],[-112.49832,33.63022],[-112.85945,33.50372],[-113.19393,33.35644],[-113.57513,33.25998],[-113.94873,33.1439],[-114.33144,33.05284]]}},{"type":"Feature","properties":{"name":"Kafue","scalerank":6,"na":0,"zb":"b4","len":5.12},"geometry":{"type":"LineString","coordinates":[[27.03305,-13.91826],[26.67444,-14.0541],[26.31519,-14.21394],[25.99061,-14.43474],[25.72771,-14.72032],[25.58209,-15.07395],[25.5829,-15.45516],[25.69124,-15.82033],[25.96669,-16.08206],[26.35662,-16.12302],[26.74507,-16.04661],[27.13861,-16.00453],[27.5334,-16.03835],[27.92342,-16.1081],[28.31009,-16.19353],[28.69573,-16.28312]]}},{"type":"Feature","properties":{"name":"Paraiba","scalerank":6,"na":0,"zb":"b4","len":5.92},"geometry":{"type":"LineString","coordinates":[[-44.83738,-23.36348],[-45.15845,-23.53758],[-45.50337,-23.66635],[-45.87179,-23.71396],[-46.21716,-23.60738],[-46.37797,-23.30935],[-46.2459,-22.9989],[-45.96181,-22.77703],[-45.65384,-22.58271],[-45.33406,-22.40563],[-44.99387,-22.26457],[-44.63439,-22.17406],[-44.26471,-22.12861],[-43.90755,-22.03103],[-43.57164,-21.88066],[-43.23809,-21.72546],[-42.90129,-21.57626],[-42.56315,-21.42955],[-42.21775,-21.29898],[-41.84916,-21.2578],[-41.47848,-21.29572]]}},{"type":"Feature","properties":{"name":"Wabash","scalerank":6,"na":1,"zb":"b4","len":5.53},"geometry":{"type":"LineString","coordinates":[[-84.37751,40.25253],[-84.38558,40.53107],[-84.61853,40.75462],[-84.90422,40.94149],[-85.22512,41.09067],[-85.59209,41.14934],[-85.96546,41.10722],[-86.33054,41.0339],[-86.68177,40.92935],[-87.00878,40.78648],[-87.30961,40.61335],[-87.57804,40.41149],[-87.77175,40.16567],[-87.81463,39.87998],[-87.89656,39.5979],[-87.9716,39.31204],[-87.99908,39.02004],[-88.03504,38.72776],[-88.14176,38.4446]]}},{"type":"Feature","properties":{"name":"Copper","scalerank":6,"na":1,"zb":"b4","len":5.44},"geometry":{"type":"LineString","coordinates":[[-143.38988,62.61166],[-143.67522,62.72522],[-144.01839,62.79386],[-144.39281,62.79347],[-144.73849,62.72487],[-145.04528,62.62391],[-145.33026,62.5096],[-145.57736,62.37784],[-145.72336,62.21819],[-145.69444,62.0446],[-145.5364,61.88403],[-145.31504,61.73937],[-145.09186,61.59468],[-145.05406,61.43416],[-145.17944,61.26402],[-145.2102,61.0828],[-145.17289,60.90054],[-145.11445,60.71844]]}},{"type":"Feature","properties":{"name":"Krishna","scalerank":6,"na":0,"zb":"b4","len":5.86},"geometry":{"type":"LineString","coordinates":[[73.48266,17.75241],[73.70126,17.44162],[73.85179,17.09373],[74.07373,16.7837],[74.30299,16.47732],[74.6267,16.26937],[75.01396,16.2052],[75.39728,16.12188],[75.75848,15.97],[76.14133,15.88491],[76.53163,15.92253],[76.89719,16.06413],[77.27431,16.02352],[77.62832,15.86132],[77.97555,15.68281],[78.36208,15.61879],[78.75153,15.67065]]}},{"type":"Feature","properties":{"name":"Skeena","scalerank":6,"na":1,"zb":"b4","len":5.42},"geometry":{"type":"LineString","coordinates":[[-127.59746,56.8023],[-127.36335,56.63622],[-127.19404,56.44796],[-127.19493,56.23899],[-127.42359,56.07283],[-127.39126,55.87653],[-127.32978,55.66421],[-127.31174,55.44808],[-127.37732,55.23434],[-127.56048,55.04379],[-127.84122,54.89477],[-128.03146,54.71004],[-128.18435,54.50806],[-128.44485,54.346],[-128.76395,54.2231],[-129.10374,54.1199],[-129.44619,54.01947]]}},{"type":"Feature","properties":{"name":"Rh\u00f4ne","scalerank":6,"na":0,"zb":"b4","len":5.15},"geometry":{"type":"LineString","coordinates":[[6.61685,46.63263],[6.24853,46.52862],[5.91647,46.37851],[5.64978,46.17496],[5.34405,46.08664],[4.95405,46.03734],[4.6381,45.87619],[4.4787,45.624],[4.44268,45.34644],[4.4406,45.06584],[4.39211,44.78682],[4.35408,44.50505],[4.37429,44.22077],[4.40064,43.93531],[4.39917,43.64785]]}},{"type":"Feature","properties":{"name":"Omo","scalerank":6,"na":0,"zb":"b4","len":4.27},"geometry":{"type":"LineString","coordinates":[[36.67834,8.96207],[36.808,8.60014],[36.99792,8.26221],[37.16354,7.93429],[37.05977,7.55828],[37.02949,7.1746],[36.68272,7.04915],[36.32274,6.89347],[35.99932,6.67178],[35.74219,6.37754],[35.58896,6.0185]]}},{"type":"Feature","properties":{"name":"Ouham","scalerank":6,"na":0,"zb":"b4","len":5.16},"geometry":{"type":"LineString","coordinates":[[15.24603,6.06942],[15.61831,5.99633],[15.98937,5.91919],[16.36174,5.97216],[16.68588,6.16516],[17.05171,6.09473],[17.43049,6.10769],[17.79922,6.18993],[18.10432,6.40738],[18.3324,6.70817],[18.50294,7.04296],[18.51313,7.41419],[18.30341,7.72053],[18.1424,8.03233],[18.20317,8.40166],[18.34017,8.75139]]}},{"type":"Feature","properties":{"name":"Yuan","scalerank":6,"na":0,"zb":"b4","len":4.56},"geometry":{"type":"LineString","coordinates":[[111.17186,29.17042],[110.79108,29.10001],[110.43625,28.9564],[110.13685,28.7367],[109.91301,28.45536],[109.7922,28.13005],[109.88386,27.7997],[109.70885,27.52119],[109.3634,27.36387],[109.09746,27.1087],[108.74799,27.05242],[108.35959,27.08972],[107.98129,27.0093]]}},{"type":"Feature","properties":{"name":"Ruvuma","scalerank":6,"na":0,"zb":"b4","len":5.42},"geometry":{"type":"LineString","coordinates":[[35.52686,-10.41805],[35.16447,-10.51241],[34.91966,-10.78311],[34.8894,-11.14674],[35.00347,-11.49722],[35.22824,-11.78925],[35.57176,-11.92042],[35.94372,-11.91216],[36.30106,-12.02704],[36.67444,-12.05494],[37.04432,-11.99364],[37.41907,-12.02356],[37.77915,-11.92661],[38.09424,-11.74256],[38.46974,-11.74509],[38.83791,-11.6707],[39.19533,-11.55544],[39.54531,-11.4198],[39.89038,-11.27249]]}},{"type":"Feature","properties":{"name":"South Saskatchewan","scalerank":6,"na":1,"zb":"b4","len":10.12},"geometry":{"type":"LineString","coordinates":[[-107.28213,50.47167],[-107.6504,50.43274],[-108.02257,50.45109],[-108.38013,50.51993],[-108.71465,50.62619],[-109.06487,50.70717],[-109.43673,50.70893],[-109.77097,50.60637],[-110.02281,50.43182],[-110.23527,50.23559],[-110.40063,50.0206],[-110.66484,49.85297],[-111.00703,49.75756],[-111.37743,49.73204],[-111.7372,49.7932],[-112.05156,49.92283],[-112.31826,50.09124],[-112.55997,50.27415],[-112.83666,50.43396],[-113.17288,50.5351],[-113.54101,50.57611],[-113.9049,50.63042],[-114.2433,50.72934],[-114.54906,50.86545],[-114.90913,50.88624],[-115.28216,50.89252],[-115.63818,50.96275],[-115.96659,51.0751],[-116.27268,51.20996]]}},{"type":"Feature","properties":{"name":"R. des Outaouais","scalerank":6,"na":1,"zb":"b4","len":3.09},"geometry":{"type":"LineString","coordinates":[[-79.42736,47.30885],[-79.02569,47.35586],[-78.62983,47.4201],[-78.28725,47.48724],[-77.88487,47.47551],[-77.56939,47.32475],[-77.17458,47.25698],[-76.77064,47.24707]]}},{"type":"Feature","properties":{"name":"Kem","scalerank":6,"na":0,"zb":"b4","len":3.0},"geometry":{"type":"LineString","coordinates":[[32.28199,64.96275],[32.47751,64.81317],[32.58904,64.64711],[32.66542,64.4763],[32.71699,64.30271],[32.73304,64.12681],[32.67563,63.95177],[32.5062,63.79125],[32.19209,63.68238],[31.79504,63.65446],[31.41019,63.70645]]}},{"type":"Feature","properties":{"name":"Suez Canal","scalerank":6,"na":0,"zb":"b4","len":1.55},"geometry":{"type":"LineString","coordinates":[[32.72556,31.24726],[32.71648,30.91911],[32.72394,30.59004],[32.91375,30.3057],[32.96781,29.981]]}},{"type":"Feature","properties":{"name":"Ismailiya Canal","scalerank":6,"na":0,"zb":"b4","len":1.24},"geometry":{"type":"LineString","coordinates":[[32.22812,30.93248],[31.74398,30.84498],[31.30477,30.65485],[30.9471,30.361]]}},{"type":"Feature","properties":{"name":"Great Bear","scalerank":6,"na":0,"zb":"b4","len":1.81},"geometry":{"type":"LineString","coordinates":[[169.1767,-45.33787],[169.16329,-45.6064],[169.19686,-45.87213],[169.27994,-46.13157],[169.25314,-46.39508],[169.15061,-46.64888]]}},{"type":"Feature","properties":{"name":"Waitaki","scalerank":6,"na":0,"zb":"b4","len":1.65},"geometry":{"type":"LineString","coordinates":[[170.15276,-43.87025],[169.97818,-44.11472],[169.89634,-44.3803],[169.99606,-44.64048],[170.1942,-44.8709],[170.48665,-45.04334],[170.8252,-45.16769]]}},{"type":"Feature","properties":{"name":"Ishikari","scalerank":6,"na":0,"zb":"b4","len":2.07},"geometry":{"type":"LineString","coordinates":[[143.29998,43.93549],[142.94476,44.09456],[142.53387,44.13635],[142.13755,44.04316],[141.7831,43.88325],[141.52421,43.64831],[141.16357,43.49398]]}},{"type":"Feature","properties":{"name":"Kayan","scalerank":6,"na":0,"zb":"b4","len":3.16},"geometry":{"type":"LineString","coordinates":[[114.55893,2.10723],[114.90934,2.28545],[115.29433,2.36683],[115.65417,2.51279],[116.00519,2.64067],[116.27987,2.92219],[116.61634,3.12337],[117.00307,3.18783],[117.37887,3.28309]]}},{"type":"Feature","properties":{"name":"Barito","scalerank":6,"na":0,"zb":"b4","len":4.79},"geometry":{"type":"LineString","coordinates":[[115.1927,0.37576],[114.98049,0.03742],[114.64704,-0.17347],[114.82896,-0.29961],[115.16559,-0.5033],[115.30263,-0.87406],[115.29405,-1.2736],[115.27613,-1.67353],[115.27888,-2.0738],[115.25803,-2.47314],[115.19285,-2.86749],[115.06442,-3.24547],[114.8652,-3.59178]]}},{"type":"Feature","properties":{"name":"Purari","scalerank":6,"na":0,"zb":"b4","len":2.96},"geometry":{"type":"LineString","coordinates":[[143.11989,-6.08974],[143.29848,-6.45404],[143.56715,-6.75786],[143.92279,-6.94831],[144.31959,-6.97001],[144.65368,-7.20276],[144.73638,-7.54009],[144.80429,-7.93803]]}},{"type":"Feature","properties":{"name":"Batang Indragiri","scalerank":6,"na":0,"zb":"b4","len":2.89},"geometry":{"type":"LineString","coordinates":[[100.46716,-0.95901],[100.84531,-1.02538],[101.22886,-1.03801],[101.61053,-0.99695],[101.98723,-0.9219],[102.36727,-0.87171],[102.75111,-0.88514],[103.13248,-0.84428],[103.5053,-0.75172]]}},{"type":"Feature","properties":{"name":"Semliki","scalerank":6,"na":0,"zb":"b4","len":4.46},"geometry":{"type":"LineString","coordinates":[[29.75244,-1.59323],[29.38897,-1.49954],[29.10174,-1.26616],[29.00814,-0.90708],[29.06603,-0.53642],[29.15426,-0.1712],[29.162,0.20328],[29.22503,0.57219],[29.41537,0.89363],[29.68863,1.15095],[29.988,1.37806],[30.28344,1.61006],[30.55382,1.87097],[30.81343,2.14244],[31.0467,2.43684]]}},{"type":"Feature","properties":{"name":"Koukourou","scalerank":6,"na":0,"zb":"b4","len":1.43},"geometry":{"type":"LineString","coordinates":[[21.1581,7.01074],[20.8101,6.79816],[20.41644,6.70078],[20.01773,6.779],[19.66967,6.98826],[19.4096,7.30046]]}},{"type":"Feature","properties":{"name":"Panama Canal","scalerank":6,"na":1,"zb":"b4","len":0.59},"geometry":{"type":"LineString","coordinates":[[-79.23747,9.17231],[-79.52943,9.47268]]}},{"type":"Feature","properties":{"name":"Jordan","scalerank":6,"na":0,"zb":"b4","len":2.88},"geometry":{"type":"LineString","coordinates":[[35.00683,31.30007],[35.09724,31.6192],[35.15732,31.94195],[35.16012,32.26781],[35.16527,32.59249],[35.20037,32.91485],[35.25591,33.23399],[35.34966,33.54524],[35.55711,33.81276]]}},{"type":"Feature","properties":{"name":"Grande de Santiago","scalerank":6,"na":1,"zb":"b4","len":3.46},"geometry":{"type":"LineString","coordinates":[[-102.36907,20.23271],[-102.51312,20.5571],[-102.80064,20.79027],[-103.0114,21.08851],[-103.29433,21.32287],[-103.66051,21.3779],[-103.98409,21.56493],[-104.23613,21.82693],[-104.52518,22.05541],[-104.89198,22.14571],[-105.27101,22.14833],[-105.62431,22.01216]]}},{"type":"Feature","properties":{"name":"Great Bear","scalerank":6,"na":1,"zb":"b4","len":4.72},"geometry":{"type":"LineString","coordinates":[[-136.60164,61.20075],[-136.66447,61.01839],[-136.81143,60.84729],[-137.06804,60.71072],[-137.37445,60.59963],[-137.49616,60.42192],[-137.5458,60.23399],[-137.56332,60.04355],[-137.53507,59.85222],[-137.48602,59.66095],[-137.51788,59.46968],[-137.70033,59.29959],[-137.95978,59.15547],[-138.23405,59.01802]]}},{"type":"Feature","properties":{"name":"North Fork Kuskokwim River","scalerank":6,"na":1,"zb":"b4","len":4.27},"geometry":{"type":"LineString","coordinates":[[-151.71733,64.12745],[-152.04236,64.06836],[-152.24872,63.91716],[-152.48721,63.77464],[-152.74514,63.63807],[-153.01522,63.50553],[-153.28994,63.37429],[-153.57067,63.24505],[-153.86793,63.12303],[-154.18339,63.01033],[-154.52955,62.91789]]}},{"type":"Feature","properties":{"name":"Genale","scalerank":6,"na":0,"zb":"b4","len":4.47},"geometry":{"type":"LineString","coordinates":[[38.40208,6.45294],[38.56652,6.11274],[38.8332,5.84534],[39.13511,5.61576],[39.39643,5.3407],[39.71235,5.13208],[40.07719,5.03062],[40.45505,5.05679],[40.81272,5.18453],[41.03573,4.96629],[41.21966,4.63433],[41.42512,4.31523],[41.6839,4.03759]]}},{"type":"Feature","properties":{"name":"Churchill","scalerank":6,"na":1,"zb":"b4","len":5.49},"geometry":{"type":"LineString","coordinates":[[-60.49878,53.49714],[-60.84328,53.40734],[-61.18933,53.31953],[-61.5402,53.23876],[-61.89956,53.19516],[-62.20467,53.32522],[-62.5514,53.41137],[-62.91194,53.47469],[-63.27035,53.54195],[-63.61895,53.62566],[-63.96974,53.70581],[-64.34098,53.72802],[-64.69673,53.66041],[-64.97586,53.51564],[-65.08131,53.30283],[-65.07144,53.07775],[-65.01901,52.85357]]}},{"type":"Feature","properties":{"name":"Liao","scalerank":6,"na":0,"zb":"b4","len":4.33},"geometry":{"type":"LineString","coordinates":[[123.15175,43.47932],[123.15756,43.18395],[123.17869,42.88763],[123.25912,42.59584],[123.0315,42.40272],[122.74565,42.19061],[122.53039,41.93551],[122.37372,41.65624],[122.21237,41.37723],[122.01624,41.11008],[121.80008,40.85053]]}},{"type":"Feature","properties":{"name":"Rupert","scalerank":6,"na":1,"zb":"b4","len":5.36},"geometry":{"type":"LineString","coordinates":[[-78.64282,51.74108],[-78.27289,51.68933],[-77.90031,51.64582],[-77.52277,51.62707],[-77.1448,51.64486],[-76.7666,51.6578],[-76.39305,51.65903],[-76.02324,51.71097],[-75.64995,51.75155],[-75.27262,51.74163],[-74.91043,51.67581],[-74.53418,51.64644],[-74.15841,51.61488],[-73.79677,51.54615],[-73.49926,51.40193],[-73.29294,51.20361]]}},{"type":"Feature","properties":{"name":"San Joaquin","scalerank":6,"na":1,"zb":"b4","len":3.79},"geometry":{"type":"LineString","coordinates":[[-121.86603,37.88744],[-121.66644,37.63585],[-121.45069,37.39207],[-121.21587,37.15884],[-120.9716,36.93118],[-120.68097,36.74159],[-120.33819,36.62272],[-119.96559,36.62103],[-119.60013,36.68862],[-119.30538,36.86601],[-119.06256,36.90773]]}},{"type":"Feature","properties":{"name":"Chattahoochee","scalerank":6,"na":1,"zb":"b4","len":6.45},"geometry":{"type":"LineString","coordinates":[[-83.34941,34.66164],[-83.41903,34.3443],[-83.61577,34.06543],[-83.89964,33.84172],[-84.18248,33.61649],[-84.45549,33.38253],[-84.67305,33.1117],[-84.70385,32.78795],[-84.60969,32.46795],[-84.58275,32.13963],[-84.66385,31.81973],[-84.63949,31.48727],[-84.58851,31.1556],[-84.5041,30.82862],[-84.55035,30.4982],[-84.66459,30.17582],[-84.58412,29.84603]]}},{"type":"Feature","properties":{"name":"Alabama","scalerank":6,"na":1,"zb":"b4","len":5.66},"geometry":{"type":"LineString","coordinates":[[-85.25231,34.58624],[-85.62905,34.53718],[-85.96749,34.40257],[-86.21325,34.1619],[-86.43081,33.90214],[-86.6417,33.63783],[-86.80133,33.34905],[-86.89768,33.04183],[-86.83777,32.72885],[-87.13889,32.61552],[-87.48583,32.48414],[-87.73182,32.2416],[-87.87296,31.94196],[-87.9945,31.63469],[-88.20418,31.364],[-88.35167,31.06439],[-88.40981,30.74091]]}},{"type":"Feature","properties":{"name":"Tugaloo","scalerank":6,"na":1,"zb":"b4","len":0.68},"geometry":{"type":"LineString","coordinates":[[-82.56511,34.62345],[-83.12416,34.97826]]}},{"type":"Feature","properties":{"name":"Chattooga","scalerank":6,"na":1,"zb":"b4","len":0.51},"geometry":{"type":"LineString","coordinates":[[-83.73019,34.82859],[-83.46873,35.24097]]}},{"type":"Feature","properties":{"name":"Savannah","scalerank":6,"na":1,"zb":"b4","len":3.42},"geometry":{"type":"LineString","coordinates":[[-83.17189,34.20718],[-82.98754,33.92884],[-82.75958,33.67326],[-82.50816,33.43216],[-82.26146,33.18701],[-82.02189,32.93629],[-81.79989,32.67393],[-81.62088,32.38827],[-81.41916,32.11272],[-81.20787,31.84145]]}},{"type":"Feature","properties":{"name":"Vuoksa","scalerank":6,"na":0,"zb":"b4","len":3.38},"geometry":{"type":"LineString","coordinates":[[31.14175,60.08754],[30.8527,60.21815],[30.56002,60.34621],[30.20805,60.41753],[29.83455,60.47285],[29.48448,60.55717],[29.17271,60.67201],[28.89098,60.80398],[28.63955,60.94915],[28.43601,61.11016]]}},{"type":"Feature","properties":{"name":"Ord","scalerank":6,"na":0,"zb":"b4","len":3.69},"geometry":{"type":"LineString","coordinates":[[128.50595,-14.99542],[128.79374,-15.22732],[129.02382,-15.51065],[129.12282,-15.85635],[129.13866,-16.21634],[129.143,-16.57604],[129.18402,-16.9327],[129.2065,-17.28885],[129.07326,-17.61983],[128.80902,-17.87026],[128.46463,-18.00406],[128.0951,-17.97037],[127.75187,-17.96856]]}},{"type":"Feature","properties":{"name":"Atbarah","scalerank":6,"na":0,"zb":"b4","len":3.92},"geometry":{"type":"LineString","coordinates":[[36.29606,14.5856],[36.2956,14.96552],[36.21284,15.33714],[36.10201,15.70156],[35.9773,16.06074],[35.80503,16.40066],[35.59943,16.72297],[35.37448,17.03227],[35.11525,17.31556],[34.82298,17.56747],[34.50653,17.79127],[34.18614,18.0097]]}},{"type":"Feature","properties":{"name":"Biya","scalerank":6,"na":0,"zb":"b4","len":3.87},"geometry":{"type":"LineString","coordinates":[[88.10505,51.48865],[87.91957,51.69335],[87.75172,51.90282],[87.60623,52.11762],[87.44354,52.32652],[87.22644,52.51493],[86.9517,52.67226],[86.627,52.78779],[86.26113,52.84277],[85.88392,52.84498],[85.50934,52.81489],[85.14709,52.75105],[84.82395,52.63334]]}},{"type":"Feature","properties":{"name":"Rainy","scalerank":6,"na":1,"zb":"b4","len":4.66},"geometry":{"type":"LineString","coordinates":[[-94.89516,48.62668],[-94.56183,48.51433],[-94.2264,48.40454],[-93.8792,48.31268],[-93.51052,48.28273],[-93.16319,48.36895],[-92.7948,48.41196],[-92.42884,48.46331],[-92.06495,48.52079],[-91.70158,48.57951],[-91.33052,48.59564],[-90.98556,48.68827],[-90.68536,48.83506],[-90.40577,48.99834],[-90.16661,49.18571]]}},{"type":"Feature","properties":{"name":"Winnipeg","scalerank":6,"na":1,"zb":"b4","len":4.81},"geometry":{"type":"LineString","coordinates":[[-96.22552,51.07525],[-96.07587,50.85901],[-95.8203,50.68694],[-95.56913,50.54606],[-95.1994,50.53533],[-94.86463,50.43002],[-94.57279,50.28048],[-94.33781,50.09449],[-94.20355,49.87112],[-94.18898,49.6301],[-94.277,49.39431],[-94.40197,49.16587],[-94.32217,48.92634]]}},{"type":"Feature","properties":{"name":"White Volta","scalerank":6,"na":0,"zb":"b4","len":6.7},"geometry":{"type":"LineString","coordinates":[[-2.48359,13.97874],[-2.47607,13.61582],[-2.49153,13.25275],[-2.35207,12.91973],[-2.05745,12.70067],[-1.6994,12.59692],[-1.48982,12.33013],[-1.36191,11.98652],[-1.19646,11.65803],[-1.00929,11.3404],[-0.83027,11.01807],[-1.07452,10.83738],[-1.3276,10.57239],[-1.41816,10.2188],[-1.53076,9.9038],[-1.67605,9.57049],[-1.61721,9.20908],[-1.48404,8.8636],[-1.34953,8.51829]]}},{"type":"Feature","properties":{"name":"Mah\u00e4na Nad\u00ef","scalerank":6,"na":0,"zb":"b4","len":6.94},"geometry":{"type":"LineString","coordinates":[[86.53123,20.31838],[86.25833,20.56985],[85.92834,20.74656],[85.54984,20.77479],[85.17522,20.80979],[84.83088,20.96584],[84.49523,21.13768],[84.25143,21.3819],[84.14683,21.71295],[83.84599,21.91809],[83.4788,22.01767],[83.10028,22.06933],[82.71828,22.09254],[82.34026,22.14379],[81.96258,22.18767],[81.60061,22.08001],[81.29013,21.87459],[81.04609,21.60145],[80.80639,21.32411],[80.5243,21.08304],[80.28761,20.80335]]}},{"type":"Feature","properties":{"name":"Pit","scalerank":6,"na":1,"zb":"b4","len":2.5},"geometry":{"type":"LineString","coordinates":[[-122.33051,40.45949],[-121.96721,40.53075],[-121.66794,40.69474],[-121.29004,40.70198],[-120.94745,40.81502],[-120.75712,41.05904],[-120.45141,41.22355],[-120.16516,41.40769],[-120.03099,41.6679]]}},{"type":"Feature","properties":{"name":"Sassandra","scalerank":6,"na":0,"zb":"b4","len":5.09},"geometry":{"type":"LineString","coordinates":[[-7.56561,9.76935],[-7.61622,9.39371],[-7.63463,9.01497],[-7.60005,8.6368],[-7.55053,8.25976],[-7.50433,7.88197],[-7.46922,7.50266],[-7.44836,7.122],[-7.4318,6.74079],[-7.38606,6.36223],[-7.25611,6.00341],[-7.06138,5.67428],[-6.83294,5.3666],[-6.61048,5.05447],[-6.39908,4.73464]]}},{"type":"Feature","properties":{"name":"Waikato","scalerank":6,"na":0,"zb":"b4","len":3.06},"geometry":{"type":"LineString","coordinates":[[176.11001,-39.20094],[176.32305,-38.9433],[176.56021,-38.69631],[176.56496,-38.39376],[176.29046,-38.181],[176.01973,-37.98311],[175.82341,-37.71113],[175.55897,-37.4774],[175.3656,-37.20178],[175.04961,-37.01745],[174.65953,-37.03048]]}},{"type":"Feature","properties":{"name":"Vorma","scalerank":6,"na":0,"zb":"b4","len":3.0},"geometry":{"type":"LineString","coordinates":[[11.69879,60.63857],[11.47822,60.48467],[11.25765,60.33004],[11.03773,60.17445],[10.88209,60.00012],[10.7662,59.81883],[10.78859,59.62606],[10.74567,59.43551],[10.58165,59.25905]]}},{"type":"Feature","properties":{"name":"Jequitinhonha","scalerank":6,"na":0,"zb":"b4","len":5.95},"geometry":{"type":"LineString","coordinates":[[-43.79661,-18.39376],[-43.90826,-18.03936],[-44.00425,-17.68287],[-43.88019,-17.34124],[-43.56502,-17.12574],[-43.28755,-16.86443],[-43.01055,-16.60221],[-42.6932,-16.38739],[-42.3185,-16.28959],[-41.93052,-16.28119],[-41.55932,-16.16805],[-41.19234,-16.04353],[-40.84752,-15.86942],[-40.48299,-15.73883],[-40.10385,-15.65297],[-39.72052,-15.58596],[-39.33648,-15.5227],[-38.95232,-15.46013]]}},{"type":"Feature","properties":{"name":"Mendoza","scalerank":6,"na":0,"zb":"b4","len":1.49},"geometry":{"type":"LineString","coordinates":[[-70.20266,-32.57292],[-69.80133,-32.57979],[-69.48791,-32.3724],[-69.33588,-32.05589],[-69.19669,-31.73244],[-69.04542,-31.41175]]}},{"type":"Feature","properties":{"name":"Madre de Dios","scalerank":6,"na":0,"zb":"b4","len":8.09},"geometry":{"type":"LineString","coordinates":[[-71.76541,-12.22374],[-71.54492,-12.23265],[-71.23578,-12.45813],[-70.91695,-12.67],[-70.57731,-12.84782],[-70.21416,-12.97322],[-69.83145,-13.017],[-69.44589,-13.01227],[-69.06355,-12.96352],[-68.68596,-12.88659],[-68.33007,-12.74744],[-68.04019,-12.50004],[-67.7686,-12.23237],[-67.48641,-11.97545],[-67.15553,-11.78689],[-66.78729,-11.67489],[-66.43135,-11.5291],[-66.08556,-11.36174],[-65.75821,-11.16185],[-65.44738,-10.93762],[-65.1453,-10.70188]]}},{"type":"Feature","properties":{"name":"Lom","scalerank":6,"na":0,"zb":"b4","len":2.41},"geometry":{"type":"LineString","coordinates":[[15.05757,6.61021],[14.94273,6.25709],[14.74289,5.94209],[14.51788,5.64388],[14.2811,5.35474],[14.01074,5.09723],[13.68211,4.92345],[13.41846,4.65826]]}},{"type":"Feature","properties":{"name":"Mananantanana","scalerank":6,"na":0,"zb":"b4","len":1.81},"geometry":{"type":"LineString","coordinates":[[47.42621,-21.72582],[47.09952,-21.44758],[46.78914,-21.15292],[46.4003,-20.96176],[45.96081,-20.95824],[45.53426,-21.0702]]}},{"type":"Feature","properties":{"name":"Thames","scalerank":6,"na":0,"zb":"b4","len":2.49},"geometry":{"type":"LineString","coordinates":[[-2.02402,51.93456],[-1.60359,51.92874],[-1.19159,51.87765],[-0.78774,51.80428],[-0.37635,51.75156],[0.04392,51.7388],[0.46303,51.71433]]}},{"type":"Feature","properties":{"name":"Ari\u00e8ge","scalerank":6,"na":0,"zb":"b4","len":1.82},"geometry":{"type":"LineString","coordinates":[[1.4687,42.46906],[1.29869,42.72364],[1.17236,42.99132],[1.05771,43.26067],[0.94599,43.52949],[0.83481,43.79724]]}},{"type":"Feature","properties":{"name":"Garonne","scalerank":6,"na":0,"zb":"b4","len":2.42},"geometry":{"type":"LineString","coordinates":[[1.4664,44.10938],[1.11844,44.30273],[0.76789,44.49304],[0.4083,44.67382],[0.03061,44.83424],[-0.17484,45.10571]]}},{"type":"Feature","properties":{"name":"Xar Moron","scalerank":6,"na":0,"zb":"b4","len":4.11},"geometry":{"type":"LineString","coordinates":[[116.8066,42.59855],[116.81797,42.88369],[116.94581,43.14529],[117.26282,43.30663],[117.61839,43.41987],[117.99054,43.4999],[118.37434,43.54261],[118.76214,43.55807],[119.15058,43.56254],[119.53817,43.5813],[119.92367,43.61588],[120.30683,43.66238],[120.68957,43.71059]]}},{"type":"Feature","properties":{"name":"Kapuas","scalerank":6,"na":0,"zb":"b4","len":4.67},"geometry":{"type":"LineString","coordinates":[[113.75253,0.92023],[113.45122,0.66904],[113.08832,0.51626],[112.71262,0.39695],[112.33919,0.27111],[112.00145,0.07194],[111.67183,-0.14062],[111.29894,-0.26715],[110.91405,-0.35192],[110.52623,-0.42263],[110.14318,-0.51503],[109.77899,-0.66385],[109.38881,-0.683],[109.0135,-0.56402]]}},{"type":"Feature","properties":{"name":"Katherine","scalerank":6,"na":0,"zb":"b4","len":2.03},"geometry":{"type":"LineString","coordinates":[[133.53228,-13.35482],[133.46074,-13.73296],[133.28692,-14.07659],[133.02839,-14.36652],[132.72227,-14.60917],[132.39463,-14.82403],[132.06233,-15.03198]]}},{"type":"Feature","properties":{"name":"Taritatu","scalerank":6,"na":0,"zb":"b4","len":1.68},"geometry":{"type":"LineString","coordinates":[[140.20193,-4.10152],[139.77059,-3.99832],[139.34159,-3.88596],[138.92283,-3.74079],[138.52276,-3.54982]]}},{"type":"Feature","properties":{"name":"Mitchell","scalerank":6,"na":0,"zb":"b4","len":2.36},"geometry":{"type":"LineString","coordinates":[[143.34341,-16.85039],[142.97531,-16.71183],[142.62782,-16.53008],[142.29289,-16.32765],[141.9877,-16.0859],[141.73348,-15.79472],[141.43624,-15.55702]]}},{"type":"Feature","properties":{"name":"Coco","scalerank":6,"na":1,"zb":"b4","len":4.31},"geometry":{"type":"LineString","coordinates":[[-87.0021,13.77995],[-86.62637,13.92805],[-86.22708,13.97048],[-85.95954,14.21677],[-85.65777,14.47895],[-85.40867,14.78456],[-85.10841,15.03962],[-84.71119,15.07762],[-84.31236,15.12722],[-83.92565,15.24561],[-83.53563,15.35328],[-83.13339,15.38055]]}},{"type":"Feature","properties":{"name":"Double Mountain Fork Brazos","scalerank":6,"na":1,"zb":"b4","len":1.39},"geometry":{"type":"LineString","coordinates":[[-101.89963,33.2665],[-101.51126,33.03549],[-101.11437,32.81452],[-100.70315,32.61215]]}},{"type":"Feature","properties":{"name":"Finlay","scalerank":6,"na":1,"zb":"b4","len":3.78},"geometry":{"type":"LineString","coordinates":[[-127.44151,57.00313],[-127.18454,57.16427],[-127.00426,57.35756],[-126.80252,57.54343],[-126.51732,57.69123],[-126.14208,57.7558],[-125.7616,57.6949],[-125.44968,57.56113],[-125.17065,57.40695],[-124.92087,57.23815],[-124.69842,57.05759],[-124.49135,56.87074]]}},{"type":"Feature","properties":{"name":"Verde","scalerank":6,"na":1,"zb":"b4","len":1.96},"geometry":{"type":"LineString","coordinates":[[-100.56451,21.80495],[-100.20694,21.55877],[-99.82028,21.35823],[-99.37988,21.32128],[-98.95271,21.43439],[-98.54917,21.61008]]}},{"type":"Feature","properties":{"name":"Potomac","scalerank":6,"na":1,"zb":"b4","len":3.69},"geometry":{"type":"LineString","coordinates":[[-79.90356,38.5915],[-79.68327,38.84443],[-79.46027,39.095],[-79.2332,39.34248],[-78.9984,39.58473],[-78.73166,39.80395],[-78.37476,39.92089],[-77.98462,39.91528],[-77.63123,39.79226],[-77.37108,39.56836],[-77.13073,39.32996],[-76.81386,39.15252]]}},{"type":"Feature","properties":{"name":"Hudson","scalerank":6,"na":1,"zb":"b4","len":3.99},"geometry":{"type":"LineString","coordinates":[[-73.67954,44.04564],[-73.57466,43.79406],[-73.42694,43.53174],[-73.32551,43.25686],[-73.29651,42.9717],[-73.31839,42.68466],[-73.37462,42.39872],[-73.44244,42.11279],[-73.50511,41.82492],[-73.55006,41.53399],[-73.56791,41.24009]]}},{"type":"Feature","properties":{"name":"Saint John","scalerank":6,"na":1,"zb":"b4","len":6.56},"geometry":{"type":"LineString","coordinates":[[-70.61605,46.31811],[-70.4147,46.54505],[-70.18076,46.75598],[-69.93254,46.95835],[-69.6633,47.1468],[-69.3616,47.31026],[-69.027,47.44038],[-68.66478,47.5297],[-68.28165,47.55148],[-67.91821,47.4719],[-67.63055,47.29932],[-67.44449,47.07022],[-67.32746,46.81913],[-67.23484,46.5619],[-67.0951,46.31544],[-66.73146,46.24355],[-66.37523,46.14197],[-66.06206,45.98613],[-65.81585,45.7805],[-65.71624,45.52298],[-65.79561,45.2584]]}},{"type":"Feature","properties":{"name":"Yadkin","scalerank":6,"na":1,"zb":"b4","len":1.13},"geometry":{"type":"LineString","coordinates":[[-81.50657,35.75291],[-81.1356,35.80597],[-80.76464,35.85903],[-80.3937,35.91219]]}},{"type":"Feature","properties":{"name":"Fitzroy","scalerank":6,"na":0,"zb":"b4","len":4.31},"geometry":{"type":"LineString","coordinates":[[127.2548,-17.75382],[126.8627,-17.83667],[126.46648,-17.88437],[126.16912,-18.13915],[125.8878,-18.41155],[125.56779,-18.64118],[125.19708,-18.78409],[124.79872,-18.77588],[124.43419,-18.62052],[124.0756,-18.45894],[123.70479,-18.32301],[123.43213,-18.04537],[123.21981,-17.72062]]}},{"type":"Feature","properties":{"name":"Digul","scalerank":6,"na":0,"zb":"b4","len":3.29},"geometry":{"type":"LineString","coordinates":[[141.07595,-4.94021],[140.98013,-5.30724],[140.80019,-5.64137],[140.67248,-5.97761],[140.73867,-6.35085],[140.7089,-6.72579],[140.54881,-7.06761],[140.29077,-7.34238],[139.95161,-7.51049],[139.57618,-7.57049],[139.19537,-7.58883]]}},{"type":"Feature","properties":{"name":"Willamette","scalerank":6,"na":1,"zb":"b4","len":3.68},"geometry":{"type":"LineString","coordinates":[[-122.35971,43.20196],[-122.65664,43.39719],[-122.93934,43.60267],[-123.2113,43.8149],[-123.45417,44.04326],[-123.55483,44.31729],[-123.52394,44.60195],[-123.46764,44.88339],[-123.38827,45.16052],[-123.23121,45.41785],[-123.12805,45.66942]]}},{"type":"Feature","properties":{"name":"Glomma","scalerank":6,"na":0,"zb":"b4","len":5.05},"geometry":{"type":"LineString","coordinates":[[11.16693,62.80055],[10.92447,62.65867],[10.67375,62.51926],[10.44546,62.37258],[10.36542,62.19468],[10.38615,62.01121],[10.46082,61.82955],[10.55634,61.64893],[10.67129,61.46986],[10.80834,61.29332],[10.96088,61.11874],[11.1303,60.94687],[11.30811,60.77606],[11.4894,60.60521],[11.67068,60.43345]]}},{"type":"Feature","properties":{"name":"San Juan","scalerank":6,"na":0,"zb":"b4","len":2.56},"geometry":{"type":"LineString","coordinates":[[-69.61388,-31.58262],[-69.22555,-31.74603],[-68.80429,-31.82909],[-68.60004,-32.13126],[-68.29834,-32.3915],[-67.91617,-32.56297],[-67.51542,-32.70283]]}},{"type":"Feature","properties":{"name":"Mangoky","scalerank":6,"na":0,"zb":"b4","len":2.42},"geometry":{"type":"LineString","coordinates":[[45.88959,-21.73071],[45.56718,-21.92649],[45.20178,-22.03962],[44.82354,-22.11021],[44.44076,-22.15459],[44.05564,-22.14732],[43.6885,-22.04428],[43.39991,-21.81418],[43.19768,-21.50875]]}},{"type":"Feature","properties":{"name":"Tekez\u00e9","scalerank":6,"na":0,"zb":"b4","len":2.36},"geometry":{"type":"LineString","coordinates":[[37.55002,13.58275],[37.23875,13.86831],[36.85458,13.90283],[36.42673,13.88565],[36.00253,13.93237],[35.6472,14.15104],[35.50234,14.53712]]}},{"type":"Feature","properties":{"name":"Daly","scalerank":6,"na":0,"zb":"b4","len":2.21},"geometry":{"type":"LineString","coordinates":[[131.54427,-14.96527],[131.25227,-14.6494],[130.97012,-14.3249],[130.5848,-14.1584],[130.25604,-13.87933],[129.96128,-13.56436]]}},{"type":"Feature","properties":{"name":"Mamberamo","scalerank":6,"na":0,"zb":"b4","len":1.98},"geometry":{"type":"LineString","coordinates":[[138.35332,-3.39028],[138.128,-3.00563],[137.84373,-2.66335],[137.57418,-2.31086],[137.46806,-1.8812],[137.51159,-1.43739]]}},{"type":"Feature","properties":{"name":"Chulyshman","scalerank":6,"na":0,"zb":"b4","len":2.44},"geometry":{"type":"LineString","coordinates":[[87.37126,51.29056],[87.53017,51.06179],[87.78285,50.8669],[88.07856,50.6966],[88.39204,50.53912],[88.74633,50.42156],[89.13194,50.35558],[89.50674,50.26647]]}},{"type":"Feature","properties":{"name":"Great Bear","scalerank":6,"na":1,"zb":"b4","len":2.23},"geometry":{"type":"LineString","coordinates":[[-125.72846,65.059],[-125.29906,65.11016],[-124.86966,65.16123],[-124.44026,65.21219],[-124.01086,65.26306],[-123.58146,65.31383]]}},{"type":"Feature","properties":{"name":"P\u00e1nuco","scalerank":6,"na":1,"zb":"b4","len":0.87},"geometry":{"type":"LineString","coordinates":[[-97.59829,21.94802],[-98.01962,21.77592],[-98.45294,21.6301]]}},{"type":"Feature","properties":{"name":"Konqi He","scalerank":6,"na":0,"zb":"b4","len":3.17},"geometry":{"type":"LineString","coordinates":[[86.44288,40.94449],[86.78,40.86261],[87.12099,40.73435],[87.48177,40.64067],[87.84964,40.56411],[88.21936,40.49272],[88.59061,40.4261],[88.96438,40.36811],[89.34218,40.32868]]}},{"type":"Feature","properties":{"name":"R\u00e1ckeve-Soroks\u00e1r Danube","scalerank":6,"na":0,"zb":"b4","len":0.67},"geometry":{"type":"LineString","coordinates":[[18.5401,47.08397],[18.6648,47.53144]]}},{"type":"Feature","properties":{"name":"Ferenc Csatorna","scalerank":6,"na":0,"zb":"b4","len":0.63},"geometry":{"type":"LineString","coordinates":[[18.44027,45.87194],[18.52107,46.30266]]}},{"type":"Feature","properties":{"name":"Bahr el Zeraf","scalerank":6,"na":0,"zb":"b4","len":1.8},"geometry":{"type":"LineString","coordinates":[[30.81225,9.65697],[30.59044,9.33818],[30.43346,8.98409],[30.32399,8.61203],[30.23175,8.235],[30.14376,7.8566]]}},{"type":"Feature","properties":{"name":"Sanaga","scalerank":6,"na":0,"zb":"b4","len":3.67},"geometry":{"type":"LineString","coordinates":[[13.12813,5.33408],[12.73759,5.3237],[12.36024,5.22846],[12.01757,5.0413],[11.67333,4.85748],[11.28981,4.78777],[10.9298,4.64062],[10.57382,4.49037],[10.20334,4.37128],[9.86662,4.17387],[9.54166,3.95708]]}},{"type":"Feature","properties":{"name":"Jubba","scalerank":6,"na":0,"zb":"b4","len":4.97},"geometry":{"type":"LineString","coordinates":[[42.20278,4.64767],[42.51034,4.41641],[42.75447,4.1222],[42.8887,3.76322],[42.9334,3.38194],[42.9191,2.9978],[42.83497,2.62296],[42.67882,2.27155],[42.71419,1.9211],[42.84846,1.56005],[42.96656,1.19341],[43.05781,0.81916],[43.1112,0.43792],[43.09763,0.05349],[43.02933,-0.32574]]}},{"type":"Feature","properties":{"name":"G\u00f6ta \u00e4lv","scalerank":6,"na":0,"zb":"b4","len":1.3},"geometry":{"type":"LineString","coordinates":[[11.3731,57.86418],[11.57496,58.06787],[11.77683,58.27041],[11.9787,58.4718]]}},{"type":"Feature","properties":{"name":"Xiliao","scalerank":6,"na":0,"zb":"b4","len":2.94},"geometry":{"type":"LineString","coordinates":[[123.7568,43.73494],[123.41188,43.88007],[123.04708,43.99497],[122.65169,44.02398],[122.26946,43.94489],[121.90042,43.83646],[121.51007,43.7771],[121.11353,43.74354],[120.71646,43.71331]]}},{"type":"Feature","properties":{"name":"Kokem\u00e4enjoki","scalerank":6,"na":0,"zb":"b4","len":1.24},"geometry":{"type":"LineString","coordinates":[[21.8457,61.72839],[22.1727,61.60716],[22.4997,61.48545],[22.8267,61.36327]]}},{"type":"Feature","properties":{"name":"Pee Dee","scalerank":6,"na":1,"zb":"b4","len":3.76},"geometry":{"type":"LineString","coordinates":[[-80.86599,36.23027],[-80.85692,35.90831],[-80.75144,35.59821],[-80.53333,35.32731],[-80.39961,35.02115],[-80.27956,34.70938],[-80.14403,34.40078],[-79.98882,34.09741],[-79.80696,33.80353],[-79.59801,33.53344]]}},{"type":"Feature","properties":{"name":"Sangha","scalerank":6,"na":0,"zb":"b4","len":3.37},"geometry":{"type":"LineString","coordinates":[[17.17623,-1.50641],[17.40027,-1.18359],[17.55298,-0.82331],[17.60536,-0.43465],[17.58567,-0.0426],[17.47638,0.33372],[17.24565,0.64838],[17.0278,0.96439],[16.88311,1.32896],[16.65773,1.64969],[16.38621,1.93378]]}},{"type":"Feature","properties":{"name":"Min","scalerank":6,"na":0,"zb":"b4","len":1.26},"geometry":{"type":"LineString","coordinates":[[103.40224,29.32136],[103.68985,29.006],[104.01999,28.72415],[104.39445,28.48737]]}},{"type":"Feature","properties":{"name":"Khatanga","scalerank":6,"na":0,"zb":"b4","len":4.13},"geometry":{"type":"LineString","coordinates":[[101.76029,72.02801],[101.99715,72.122],[102.23658,72.21487],[102.48837,72.30418],[102.75836,72.38798],[103.04733,72.46545],[103.34794,72.53845],[103.65348,72.60929],[103.96407,72.67789],[104.27974,72.74413],[104.59697,72.80948],[104.91421,72.87459]]}},{"type":"Feature","properties":{"name":"Pend Oreille","scalerank":6,"na":1,"zb":"b4","len":1.84},"geometry":{"type":"LineString","coordinates":[[-116.64076,47.98554],[-117.06984,48.04995],[-117.43519,48.2082],[-117.63679,48.46506],[-117.71266,48.75181]]}},{"type":"Feature","properties":{"name":"Volga\u2013Don Canal","scalerank":6,"na":0,"zb":"b4","len":1.18},"geometry":{"type":"LineString","coordinates":[[44.94883,48.50472],[44.75993,48.28398],[44.39408,48.20946],[44.02089,48.28249],[43.65825,48.36222]]}},{"type":"Feature","properties":{"name":"Suda","scalerank":7,"na":0,"zb":"b4","len":1.83},"geometry":{"type":"LineString","coordinates":[[37.99314,59.24877],[38.20536,59.03616],[38.39766,58.81707],[38.58652,58.59578],[38.77539,58.37308]]}},{"type":"Feature","properties":{"name":"Tiber","scalerank":7,"na":0,"zb":"b4","len":3.22},"geometry":{"type":"LineString","coordinates":[[12.45326,43.78504],[12.61397,43.52813],[12.79588,43.27231],[12.82878,42.98647],[12.75759,42.70173],[12.8803,42.45966],[13.03141,42.195],[12.9152,41.91832],[12.74417,41.65446],[12.42671,41.4793]]}},{"type":"Feature","properties":{"name":"Sheksna","scalerank":9,"na":0,"zb":"b4","len":3.22},"geometry":{"type":"LineString","coordinates":[[37.83403,58.87803],[38.21794,58.93006],[38.55269,59.03563],[38.74736,59.21109],[38.79183,59.41156],[38.76303,59.61228],[38.678,59.80766],[38.52388,59.99085],[38.31309,60.15838],[38.0114,60.28539],[37.65288,60.36856],[37.26276,60.39913]]}},{"type":"Feature","properties":{"name":"White Sea \u2013 Baltic Canal","scalerank":10,"na":0,"zb":"b4","len":4.62},"geometry":{"type":"LineString","coordinates":[[35.10235,64.47793],[34.92922,64.32975],[34.762,64.17953],[34.66287,64.01871],[34.80565,63.86317],[34.95704,63.70724],[35.07949,63.54557],[35.15894,63.37774],[35.2073,63.20646],[35.23606,63.03325],[35.23928,62.85867],[35.14625,62.68978],[34.83406,62.59862],[34.48158,62.65192],[34.20482,62.77391]]}},{"type":"Feature","properties":{"name":"Kovzha","scalerank":12,"na":0,"zb":"b4","len":2.7},"geometry":{"type":"LineString","coordinates":[[37.72933,60.25988],[37.63967,60.46398],[37.53636,60.66517],[37.38171,60.85684],[37.14211,61.02482],[36.82167,61.15732],[36.48831,61.28201],[36.17185,61.41612]]}}]}